"V1","V2"
0,0
0.0192307692307692,0
0.0384615384615385,0
0.0576923076923077,0
0.0769230769230769,0
0.0961538461538462,0
0.115384615384615,0
0.134615384615385,0
0.153846153846154,0
0.173076923076923,0
0.192307692307692,0
0.211538461538462,0
0.230769230769231,0
0.25,0
0.269230769230769,0.0000759791565237827
0.288461538461538,0.0000806952893870262
0.307692307692308,0.0000853254289741545
0.326923076923077,0.0000898711001674242
0.346153846153846,0.0000943338004286717
0.365384615384615,0.0000987150003241435
0.384615384615385,0.000103016144038588
0.403846153846154,0.000107238649878834
0.423076923076923,0.0001113839107671
0.442307692307692,0.000115453294724244
0.461538461538462,0.000119448145343191
0.480769230769231,0.000123369782252738
0.5,0.000127219501571952
0.519230769230769,0.000130998576355375
0.538461538461539,0.000134708257029215
0.557692307692308,0.000138349771818739
0.576923076923077,0.00014192432716705
0.596153846153846,0.000145433108145427
0.615384615384615,0.000148877278855434
0.634615384615385,0.000152257982822942
0.653846153846154,0.000155576343384265
0.673076923076923,0.000158833464064574
0.692307692307692,0.000162030428948738
0.711538461538462,0.000165168303044784
0.730769230769231,0.000168248132640101
0.75,0.000171270945650569
0.769230769230769,0.000174237751962754
0.788461538461539,0.000177149543769309
0.807692307692308,0.000180007295897745
0.826923076923077,0.000182811966132687
0.846153846153846,0.000185564495531777
0.865384615384615,0.000188265808735345
0.884615384615385,0.000190916814269983
0.903846153846154,0.000193518404846149
0.923076923076923,0.000196071457649931
0.942307692307692,0.000198576834629089
0.961538461538462,0.000201035382773496
0.980769230769231,0.000203447934390102
1,0.000205815307372522
1.01923076923077,0.00020813830343209
1.03846153846154,0.000210417712466485
1.05769230769231,0.000212654310736788
1.07692307692308,0.00021484886111672
1.09615384615385,0.000217002113337052
1.11538461538462,0.000219114804225276
1.13461538461538,0.000221187657940649
1.15384615384615,0.000223221386204696
1.17307692307692,0.00022521668852727
1.19230769230769,0.000227174252428257
1.21153846153846,0.000229094753655025
1.23076923076923,0.000230978856395686
1.25,0.000232827213488285
1.26923076923077,0.000234640466625966
1.28846153846154,0.000236419246558225
1.30769230769231,0.000238164173288317
1.32692307692308,0.000239875856266899
1.34615384615385,0.000241554894581981
1.36538461538462,0.000243201877145268
1.38461538461538,0.000244817382874959
1.40384615384615,0.000246401980875078
1.42307692307692,0.000247956230611413
1.44230769230769,0.000249480682084117
1.46153846153846,0.000250975875997053
1.48076923076923,0.000252442343923943
1.5,0.000253880608471381
1.51923076923077,0.000255291183438787
1.53846153846154,0.000256674573975338
1.55769230769231,0.00025803127673397
1.57692307692308,0.000259361780022483
1.59615384615385,0.000260666563951815
1.61538461538462,0.000261946100581548
1.63461538461538,0.000263200854062691
1.65384615384615,0.000264431280777807
1.67307692307692,0.000265637829478516
1.69230769230769,0.000266820941420456
1.71153846153846,0.000267981050495719
1.73076923076923,0.000269118583362842
1.75,0.00027023395957438
1.76923076923077,0.00027132759170212
1.78846153846154,0.00027239988545998
1.80769230769231,0.000273451239824636
1.82692307692308,0.000274482047153926
1.84615384615385,0.000275492693303069
1.86538461538462,0.000276483557738751
1.88461538461538,0.000277455013651108
1.90384615384615,0.000278407428063657
1.92307692307692,0.000279341161941212
1.94230769230769,0.00028025657029582
1.96153846153846,0.000281154002290763
1.98076923076923,0.00028203380134266
2,0.000282896305221703
2.01923076923077,0.000283741845291073
2.03846153846154,0.000284570748335565
2.05769230769231,0.00028538333578316
2.07692307692308,0.000286179923798175
2.09615384615385,0.000286960823372715
2.11538461538462,0.000287726340416472
2.13461538461538,0.000288476775844902
2.15384615384615,0.000289212425665806
2.17307692307692,0.000289933581064344
2.19230769230769,0.000290640528486524
2.21153846153846,0.000291333549721181
2.23076923076923,0.000292012921980485
2.25,0.000292678917978996
2.26923076923077,0.000293331806011312
2.28846153846154,0.000293971850028312
2.30769230769231,0.000294599309712042
2.32692307692308,0.000295214440549259
2.34615384615385,0.00029581749390366
2.36538461538462,0.000296408717086825
2.38461538461538,0.000296988353427892
2.40384615384615,0.000297556642341993
2.42307692307692,0.000298113819397475
2.44230769230769,0.000298660116381924
2.46153846153846,0.000299195761367014
2.48076923076923,0.000299720978772219
2.5,0.00030023598942738
2.51923076923077,0.00030074101063418
2.53846153846154,0.000301236256226526
2.55769230769231,0.000301721936629865
2.57692307692308,0.000302198258919458
2.59615384615385,0.000302665426877623
2.61538461538462,0.00030312364104998
2.63461538461538,0.000303573098800697
2.65384615384615,0.000304013994366773
2.67307692307692,0.00030444651891137
2.69230769230769,0.000304870860576206
2.71153846153846,0.00030528720453304
2.73076923076923,0.000305695733034244
2.75,0.00030609662546251
2.76923076923077,0.000306490058379673
2.78846153846154,0.000306876205574696
2.80769230769231,0.000307255238110814
2.82692307692308,0.00030762732437186
2.84615384615385,0.000307992630107789
2.86538461538462,0.00030835131847941
2.88461538461538,0.000308703550102342
2.90384615384615,0.000309049483090213
2.92307692307692,0.00030938927309711
2.94230769230769,0.000309723073359297
2.96153846153846,0.00031005103473621
2.98076923076923,0.000310373305750751
3,0.000310690032628885
3.01923076923077,0.000311001359270474
3.03846153846154,0.000311307427424524
3.05769230769231,0.000311608376657845
3.07692307692308,0.000311904344391996
3.09615384615385,0.000312195465939603
3.11538461538462,0.000312481874540053
3.13461538461538,0.000312763701394575
3.15384615384615,0.000313041075700726
3.17307692307692,0.000313314124686289
3.19230769230769,0.000313582973642589
3.21153846153846,0.000313847745957249
3.23076923076923,0.000314108563146383
3.25,0.000314365544886244
3.26923076923077,0.000314618809044339
3.28846153846154,0.000314868471710006
3.30769230769231,0.000315114647224489
3.32692307692308,0.000315357448210489
3.34615384615385,0.000315596985601225
3.36538461538462,0.000315833368669002
3.38461538461539,0.000316066705053294
3.40384615384615,0.00031629710078836
3.42307692307692,0.000316524660330389
3.44230769230769,0.000316749486584195
3.46153846153846,0.000316971680929457
3.48076923076923,0.00031719134324652
3.5,0.000317408571941772
3.51923076923077,0.00031762346397258
3.53846153846154,0.000317836114871827
3.55769230769231,0.000318046618772022
3.57692307692308,0.00031825506842902
3.59615384615385,0.000318461555245341
3.61538461538462,0.000318666169293098
3.63461538461539,0.000318868999336549
3.65384615384615,0.00031907013285427
3.67307692307692,0.00031926965606096
3.69230769230769,0.000319467653928886
3.71153846153846,0.000319664210208971
3.73076923076923,0.000319859407451528
3.75,0.000320053327026662
3.76923076923077,0.000320246049144325
3.78846153846154,0.000320437652874039
3.80769230769231,0.000320628216164305
3.82692307692308,0.000320817815861675
3.84615384615385,0.000321006527729526
3.86538461538462,0.000321194426466515
3.88461538461539,0.000321381585724732
3.90384615384615,0.000321568078127559
3.92307692307692,0.000321753975287231
3.94230769230769,0.000321939347822112
3.96153846153846,0.000322124265373687
3.98076923076923,0.000322308796623279
4,0.000322493009308482
4.01923076923077,0.000322676970778243
4.03846153846154,0.000322860746926192
4.05769230769231,0.000323044402750057
4.07692307692308,0.000323228002367055
4.09615384615385,0.00032341160902904
4.11538461538462,0.00032359528513739
4.13461538461539,0.000323779092257671
4.15384615384615,0.000323963091134045
4.17307692307692,0.00032414734170346
4.19230769230769,0.000324331903109597
4.21153846153846,0.000324516833716599
4.23076923076923,0.000324702191122581
4.25,0.000324888032172908
4.26923076923077,0.000325074412973276
4.28846153846154,0.000325261388902567
4.30769230769231,0.000325449014625511
4.32692307692308,0.00032563734410513
4.34615384615385,0.00032582643061499
4.36538461538462,0.00032601632675126
4.38461538461539,0.000326207084444567
4.40384615384615,0.000326398754971665
4.42307692307692,0.000326591388966926
4.44230769230769,0.000326785036433629
4.46153846153846,0.000326979746755088
4.48076923076923,0.000327175568705586
4.5,0.000327372550461144
4.51923076923077,0.000327570739610115
4.53846153846154,0.00032777018316361
4.55769230769231,0.000327970927565757
4.57692307692308,0.000328173018703796
4.59615384615385,0.000328376501918018
4.61538461538462,0.00032858142201154
4.63461538461539,0.000328787823259928
4.65384615384615,0.000328995749420668
4.67307692307692,0.000329205243742485
4.69230769230769,0.000329416348974518
4.71153846153846,0.000329629107375344
4.73076923076923,0.000329843560721865
4.75,0.000330059750318051
4.76923076923077,0.000330277717003549
4.78846153846154,0.00033049750116215
4.80769230769231,0.00033071914273013
4.82692307692308,0.000330942681204454
4.84615384615385,0.000331168155650854
4.86538461538462,0.000331395604711778
4.88461538461539,0.000331625066614216
4.90384615384615,0.000331856579177406
4.92307692307692,0.000332090179820407
4.94230769230769,0.000332325905569571
4.96153846153846,0.000332563793065887
4.98076923076923,0.000332803878572208
5,0.000333046197980374
5.01923076923077,0.000333290787712337
5.03846153846154,0.000333537682933427
5.05769230769231,0.000333786918458767
5.07692307692308,0.000334038528759962
5.09615384615385,0.000334292547971671
5.11538461538462,0.000334549009898091
5.13461538461539,0.000334807948019329
5.15384615384615,0.00033506939549768
5.17307692307692,0.000335333385183806
5.19230769230769,0.000335599949622822
5.21153846153846,0.000335869121060282
5.23076923076923,0.000336140931448079
5.25,0.000336415412450249
5.26923076923077,0.000336692595448686
5.28846153846154,0.000336972511548771
5.30769230769231,0.000337255191584909
5.32692307692308,0.000337540666125988
5.34615384615385,0.000337828965480746
5.36538461538462,0.000338120119703063
5.38461538461539,0.00033841415859716
5.40384615384615,0.000338711111722735
5.42307692307692,0.000339011008400001
5.44230769230769,0.000339313877714661
5.46153846153846,0.0003396197485228
5.48076923076923,0.000339928649455703
5.5,0.000340240608924596
5.51923076923077,0.000340555655125323
5.53846153846154,0.000340873816042941
5.55769230769231,0.000341195119456252
5.57692307692308,0.000341519592942258
5.59615384615385,0.000341847263880559
5.61538461538462,0.000342178159457672
5.63461538461539,0.000342512306671288
5.65384615384615,0.000342849732334471
5.67307692307692,0.00034319046307978
5.69230769230769,0.00034353452536334
5.71153846153846,0.000343881945468842
5.73076923076923,0.000344232749511484
5.75,0.000344586963441858
5.76923076923077,0.000344944613049772
5.78846153846154,0.000345305723968008
5.80769230769231,0.000345670321676038
5.82692307692308,0.00034603843150367
5.84615384615385,0.000346410078634645
5.86538461538462,0.000346785288110174
5.88461538461539,0.000347164084832428
5.90384615384615,0.00034754649356797
5.92307692307692,0.000347932538951136
5.94230769230769,0.000348322245487364
5.96153846153846,0.000348715637556473
5.98076923076923,0.000349112739415893
6,0.000349513575203842
6.01923076923077,0.000349918170167058
6.03846153846154,0.000350326548210114
6.05769230769231,0.000350738733127751
6.07692307692308,0.000351154748607861
6.09615384615385,0.000351574618234437
6.11538461538462,0.000351998365490468
6.13461538461539,0.000352426013760797
6.15384615384615,0.000352857586334932
6.17307692307692,0.000353293106409813
6.19230769230769,0.000353732597092543
6.21153846153846,0.000354176081403067
6.23076923076923,0.000354623582276821
6.25,0.000355075122567337
6.26923076923077,0.000355530725048801
6.28846153846154,0.000355990412418586
6.30769230769231,0.000356454207299732
6.32692307692308,0.000356922132243399
6.34615384615385,0.000357394209731278
6.36538461538462,0.000357870462177964
6.38461538461539,0.000358350911933295
6.40384615384615,0.000358835581284654
6.42307692307692,0.000359324492459239
6.44230769230769,0.00035981766762629
6.46153846153846,0.000360315128899296
6.48076923076923,0.00036081689833815
6.5,0.000361322997951287
6.51923076923077,0.000361833449697782
6.53846153846154,0.000362348275489415
6.55769230769231,0.000362867497192705
6.57692307692308,0.000363391136630916
6.59615384615385,0.000363919215586028
6.61538461538462,0.000364451755800679
6.63461538461539,0.000364988778980079
6.65384615384615,0.000365530306793889
6.67307692307692,0.000366076360878076
6.69230769230769,0.00036662696283674
6.71153846153846,0.000367182134243907
6.73076923076923,0.0003677418966453
6.75,0.000368306271560075
6.76923076923077,0.000368875280482542
6.78846153846154,0.000369448944883848
6.80769230769231,0.000370027286213633
6.82692307692308,0.000370610325901674
6.84615384615385,0.000371198085359487
6.86538461538462,0.000371790585981911
6.88461538461539,0.00037238784914867
6.90384615384615,0.000372989896225904
6.92307692307692,0.000373596748567677
6.94230769230769,0.000374208427517469
6.96153846153846,0.00037482495440963
6.98076923076923,0.000375446350570826
7,0.000376072637321448
7.01923076923077,0.00037670383717943
7.03846153846154,0.000377339971454496
7.05769230769231,0.000377981061454311
7.07692307692308,0.000378627128485804
7.09615384615385,0.000379278193856472
7.11538461538462,0.000379934278875666
7.13461538461539,0.000380595404855853
7.15384615384615,0.000381261593113856
7.17307692307692,0.000381932864972076
7.19230769230769,0.000382609241759693
7.21153846153846,0.000383290744813851
7.23076923076923,0.000383977395480814
7.25,0.000384669215117113
7.26923076923077,0.000385366225090668
7.28846153846154,0.00038606844678189
7.30769230769231,0.000386775901584773
7.32692307692308,0.000387488610907955
7.34615384615385,0.000388206596175771
7.36538461538462,0.000388929878829285
7.38461538461539,0.0003896584803273
7.40384615384615,0.000390392422147358
7.42307692307692,0.000391131725786718
7.44230769230769,0.000391876412763318
7.46153846153846,0.000392626504616718
7.48076923076923,0.000393382022909033
7.5,0.000394142989225841
7.51923076923077,0.000394909425177079
7.53846153846154,0.000395681352397925
7.55769230769231,0.000396458792549663
7.57692307692308,0.000397241767320526
7.59615384615385,0.000398030298426533
7.61538461538462,0.000398824407612306
7.63461538461539,0.000399624116651872
7.65384615384615,0.000400429447349449
7.67307692307692,0.000401240421540221
7.69230769230769,0.000402057061091095
7.71153846153846,0.000402879387901444
7.73076923076923,0.000403707423903837
7.75,0.000404541191064754
7.76923076923077,0.000405380711385289
7.78846153846154,0.000406226006901834
7.80769230769231,0.000407077099686757
7.82692307692308,0.00040793401184906
7.84615384615385,0.000408796765535025
7.86538461538462,0.000409665382928849
7.88461538461539,0.000410539886253269
7.90384615384615,0.000411420297770161
7.92307692307692,0.000412306639781143
7.94230769230769,0.000413198934628154
7.96153846153846,0.000414097204694024
7.98076923076923,0.000415001472403034
8,0.000415911760221458
8.01923076923077,0.000416828091566585
8.03846153846154,0.000417750488989841
8.05769230769231,0.000418678975086274
8.07692307692308,0.000419613572495048
8.09615384615385,0.000420554303899932
8.11538461538461,0.000421501192029771
8.13461538461539,0.000422454259658952
8.15384615384616,0.000423413529607853
8.17307692307692,0.000424379024743286
8.19230769230769,0.000425350767978922
8.21153846153846,0.000426328782275714
8.23076923076923,0.0004273130906423
8.25,0.000428303716135405
8.26923076923077,0.000429300681860222
8.28846153846154,0.000430304010970789
8.30769230769231,0.000431313726670357
8.32692307692308,0.000432329852211739
8.34615384615385,0.000433352410897661
8.36538461538461,0.000434381426081091
8.38461538461539,0.000435416921165566
8.40384615384616,0.000436458919605505
8.42307692307692,0.000437507444906513
8.44230769230769,0.000438562520625677
8.46153846153846,0.000439624170371851
8.48076923076923,0.000440692417805927
8.5,0.000441767286641108
8.51923076923077,0.000442848800643157
8.53846153846154,0.000443936983630647
8.55769230769231,0.000445031859475197
8.57692307692308,0.000446133452101703
8.59615384615385,0.000447241785488554
8.61538461538462,0.000448356883667844
8.63461538461539,0.00044947877072557
8.65384615384616,0.000450607470801827
8.67307692307692,0.000451743008090989
8.69230769230769,0.000452885406841886
8.71153846153846,0.000454034691357967
8.73076923076923,0.000455190885997455
8.75,0.000456354015173502
8.76923076923077,0.000457524103354321
8.78846153846154,0.000458701175063323
8.80769230769231,0.000459885254879237
8.82692307692308,0.000461076367436225
8.84615384615385,0.000462274537423988
8.86538461538462,0.000463479789587866
8.88461538461539,0.000464692148728925
8.90384615384616,0.000465911639704041
8.92307692307692,0.000467138287425972
8.94230769230769,0.000468372116863424
8.96153846153846,0.000469613153041111
8.98076923076923,0.000470861421039803
9,0.000472116945996366
9.01923076923077,0.000473379753908381
9.03846153846154,0.000474649870025497
9.05769230769231,0.000475927319653584
9.07692307692308,0.000477212128154751
9.09615384615385,0.000478504320947346
9.11538461538462,0.000479803923505951
9.13461538461539,0.000481110961361374
9.15384615384616,0.000482425460100627
9.17307692307692,0.000483747445366903
9.19230769230769,0.000485076942859538
9.21153846153846,0.000486413978333974
9.23076923076923,0.000487758577601709
9.25,0.000489110766530245
9.26923076923077,0.000490470571043019
9.28846153846154,0.000491838017119342
9.30769230769231,0.000493213130794316
9.32692307692308,0.000494595938158751
9.34615384615385,0.000495986465359079
9.36538461538462,0.000497384738597253
9.38461538461539,0.000498790784130644
9.40384615384616,0.000500204628271927
9.42307692307692,0.000501626297388967
9.44230769230769,0.000503055817904693
9.46153846153846,0.000504493216296965
9.48076923076923,0.000505938519098439
9.5,0.000507391752896418
9.51923076923077,0.000508852944332704
9.53846153846154,0.000510322120103438
9.55769230769231,0.000511799306958938
9.57692307692308,0.000513284531703525
9.59615384615385,0.000514777821195346
9.61538461538462,0.000516279202346193
9.63461538461539,0.000517788702121309
9.65384615384616,0.000519306347539193
9.67307692307692,0.000520832165671398
9.69230769230769,0.000522366183642318
9.71153846153846,0.000523908428628978
9.73076923076923,0.000525458927860806
9.75,0.000527017708619411
9.76923076923077,0.000528584798238343
9.78846153846154,0.000530160224102858
9.80769230769231,0.00053174401364967
9.82692307692308,0.000533336194366693
9.84615384615385,0.000534936793792794
9.86538461538462,0.000536545839517516
9.88461538461539,0.000538163359180816
9.90384615384616,0.000539789380472787
9.92307692307692,0.000541423931133372
9.94230769230769,0.000543067038952082
9.96153846153846,0.000544718731767694
9.98076923076923,0.000546379037467959
10,0.000548047983989293
10.0192307692308,0.000549725599580989
10.0384615384615,0.000551411912276216
10.0576923076923,0.000553106950155871
10.0769230769231,0.000554810741348248
10.0961538461538,0.000556523314028704
10.1153846153846,0.000558244696419323
10.1346153846154,0.000559974916788566
10.1538461538462,0.000561714003450923
10.1730769230769,0.000563461984766554
10.1923076923077,0.000565218889140932
10.2115384615385,0.00056698474502447
10.2307692307692,0.000568759580912151
10.25,0.000570543425343151
10.2692307692308,0.000572336306900451
10.2884615384615,0.000574138254210453
10.3076923076923,0.000575949295942582
10.3269230769231,0.000577769460808891
10.3461538461538,0.000579598777563651
10.3653846153846,0.000581437275002942
10.3846153846154,0.000583284981964242
10.4038461538462,0.000585141927326002
10.4230769230769,0.000587008140007222
10.4423076923077,0.00058888364896702
10.4615384615385,0.000590768483204196
10.4807692307692,0.000592662671756794
10.5,0.000594566243701651
10.5192307692308,0.00059647922815395
10.5384615384615,0.000598401654266763
10.5576923076923,0.00060033355123059
10.5769230769231,0.000602274948272892
10.5961538461538,0.000604225874657623
10.6153846153846,0.000606186359684753
10.6346153846154,0.000608156432689787
10.6538461538462,0.000610136123043282
10.6730769230769,0.000612125460150354
10.6923076923077,0.000614124473450186
10.7115384615385,0.000616133192415527
10.7307692307692,0.000618151646552187
10.75,0.000620179865398531
10.7692307692308,0.000622217878524966
10.7884615384615,0.000624265715533417
10.8076923076923,0.00062632340605681
10.8269230769231,0.000628390979758545
10.8461538461538,0.000630468466331961
10.8653846153846,0.000632555895499799
10.8846153846154,0.00063465329701367
10.9038461538462,0.000636760700653497
10.9230769230769,0.000638878136226976
10.9423076923077,0.000641005633569018
10.9615384615385,0.000643143222541189
10.9807692307692,0.000645290933031152
11,0.000647448794952097
11.0192307692308,0.000649616837789141
11.0384615384615,0.000651795091503959
11.0576923076923,0.000653983586082007
11.0769230769231,0.000656182351531941
11.0961538461538,0.000658391417885029
11.1153846153846,0.000660610815194561
11.1346153846154,0.000662840573535248
11.1538461538462,0.000665080723002626
11.1730769230769,0.000667331293712455
11.1923076923077,0.000669592315800104
11.2115384615385,0.000671863819419943
11.2307692307692,0.00067414583474473
11.25,0.000676438391964987
11.2692307692308,0.000678741521288377
11.2884615384615,0.00068105525293908
11.3076923076923,0.000683379617157161
11.3269230769231,0.000685714644197931
11.3461538461538,0.000688060364331316
11.3653846153846,0.000690416807841209
11.3846153846154,0.000692784005024825
11.4038461538462,0.000695161986192054
11.4230769230769,0.000697550781664807
11.4423076923077,0.00069995042177636
11.4615384615385,0.00070236093687069
11.4807692307692,0.000704782357301819
11.5,0.000707214713433142
11.5192307692308,0.000709658035636756
11.5384615384615,0.000712112354292789
11.5576923076923,0.000714577699788724
11.5769230769231,0.000717054102518713
11.5961538461538,0.000719541592882899
11.6153846153846,0.000722040201286729
11.6346153846154,0.00072454995814026
11.6538461538462,0.00072707089385747
11.6730769230769,0.000729603038855559
11.6923076923077,0.000732146423554251
11.7115384615385,0.000734701078375092
11.7307692307692,0.000737267033740744
11.75,0.000739844320074276
11.7692307692308,0.000742432967798454
11.7884615384615,0.000745033007335026
11.8076923076923,0.000747644469104007
11.8269230769231,0.000750267383522955
11.8461538461538,0.000752901781006252
11.8653846153846,0.000755547691964379
11.8846153846154,0.000758205146803183
11.9038461538462,0.000760874175923153
11.9230769230769,0.000763554809718684
11.9423076923077,0.000766247078577338
11.9615384615385,0.000768951012879111
11.9807692307692,0.000771666642995686
12,0.000774393999289697
12.0192307692308,0.000777133111545993
12.0384615384615,0.000779884010105621
12.0576923076923,0.000782646725298309
12.0769230769231,0.000785421287441717
12.0961538461538,0.000788207726840678
12.1153846153846,0.000791006073786444
12.1346153846154,0.000793816358555923
12.1538461538462,0.000796638611410923
12.1730769230769,0.000799472862597381
12.1923076923077,0.000802319142344605
12.2115384615385,0.000805177480864502
12.2307692307692,0.000808047908350807
12.25,0.000810930454978316
12.2692307692308,0.000813825150902109
12.2884615384615,0.000816732026256778
12.3076923076923,0.000819651111155649
12.3269230769231,0.000822582435689997
12.3461538461538,0.000825526029928278
12.3653846153846,0.000828481923915334
12.3846153846154,0.000831450147671619
12.4038461538462,0.000834430731192409
12.4230769230769,0.000837423704447015
12.4423076923077,0.000840429097377997
12.4615384615385,0.000843446939900374
12.4807692307692,0.000846477261900831
12.5,0.000849520093236927
12.5192307692308,0.000852575463736305
12.5384615384615,0.000855643403195892
12.5576923076923,0.000858723941381105
12.5769230769231,0.000861817108025057
12.5961538461538,0.00086492293282775
12.6153846153846,0.000868041445455285
12.6346153846154,0.000871172675539058
12.6538461538462,0.000874316652674954
12.6730769230769,0.000877473406422555
12.6923076923077,0.000880642966304325
12.7115384615385,0.000883825361804815
12.7307692307692,0.000887020622369852
12.75,0.000890228777405741
12.7692307692308,0.000893449856278449
12.7884615384615,0.000896683888312808
12.8076923076923,0.000899930902791698
12.8269230769231,0.000903190928955249
12.8461538461538,0.000906463996000025
12.8653846153846,0.000909750133078217
12.8846153846154,0.000913049369296838
12.9038461538462,0.000916361733716907
12.9230769230769,0.000919687255352645
12.9423076923077,0.00092302596317066
12.9615384615385,0.000926377886089141
12.9807692307692,0.000929743052977043
13,0.000933121492653282
13.0192307692308,0.000936513233082846
13.0384615384615,0.000939918302980285
13.0576923076923,0.000943336731007651
13.0769230769231,0.000946768545773693
13.0961538461538,0.000950213775833042
13.1153846153846,0.000953672449685401
13.1346153846154,0.000957144595774741
13.1538461538462,0.000960630242488488
13.1730769230769,0.000964129418156712
13.1923076923077,0.000967642151051324
13.2115384615385,0.000971168469385263
13.2307692307692,0.000974708401311693
13.25,0.000978261974923193
13.2692307692308,0.000981829218250953
13.2884615384615,0.000985410159263968
13.3076923076923,0.000989004825868234
13.3269230769231,0.000992613245905941
13.3461538461538,0.000996235447154674
13.3653846153846,0.000999871457326609
13.3846153846154,0.00100352130406771
13.4038461538462,0.00100718501495694
13.4230769230769,0.00101086261750543
13.4423076923077,0.00101455413915573
13.4615384615385,0.00101825960728097
13.4807692307692,0.00102197904918408
13.5,0.00102571249209701
13.5192307692308,0.00102945996317991
13.5384615384615,0.00103322148952034
13.5576923076923,0.00103699709813252
13.5769230769231,0.00104078681595649
13.5961538461538,0.00104459066985735
13.6153846153846,0.00104840868662446
13.6346153846154,0.00105224089297068
13.6538461538462,0.00105608731553158
13.6730769230769,0.00105994798086461
13.6923076923077,0.00106382291544841
13.7115384615385,0.00106771214568197
13.7307692307692,0.00107161569788385
13.75,0.00107553359829145
13.7692307692308,0.00107946587306022
13.7884615384615,0.00108341254826288
13.8076923076923,0.00108737364988865
13.8269230769231,0.00109134920384251
13.8461538461538,0.00109533923594442
13.8653846153846,0.00109934377192856
13.8846153846154,0.00110336283744259
13.9038461538462,0.00110739645804685
13.9230769230769,0.00111144465921367
13.9423076923077,0.00111550746632656
13.9615384615385,0.00111958490467949
13.9807692307692,0.00112367699947617
14,0.00112778377582924
14.0192307692308,0.00113190525686376
14.0384615384615,0.00113604146750376
14.0576923076923,0.00114019243258001
14.0769230769231,0.00114435817682922
14.0961538461538,0.00114853872489341
14.1153846153846,0.00115273410131908
14.1346153846154,0.00115694433055655
14.1538461538462,0.00116116943695923
14.1730769230769,0.00116540944478291
14.1923076923077,0.00116966437818501
14.2115384615385,0.00117393426122392
14.2307692307692,0.00117821911785826
14.25,0.00118251897194617
14.2692307692308,0.00118683384724467
14.2884615384615,0.00119116376740887
14.3076923076923,0.00119550875599136
14.3269230769231,0.00119986883644147
14.3461538461538,0.00120424403210461
14.3653846153846,0.00120863436622157
14.3846153846154,0.00121303986192786
14.4038461538462,0.00121746054225302
14.4230769230769,0.00122189643011995
14.4423076923077,0.00122634754834426
14.4615384615385,0.00123081391963357
14.4807692307692,0.00123529556658689
14.5,0.00123979251169396
14.5192307692308,0.00124430477733456
14.5384615384615,0.0012488323857779
14.5576923076923,0.00125337535918199
14.5769230769231,0.00125793371959293
14.5961538461538,0.00126250748894436
14.6153846153846,0.00126709668905678
14.6346153846154,0.00127170134163694
14.6538461538462,0.00127632146827721
14.6730769230769,0.00128095709045497
14.6923076923077,0.00128560822953198
14.7115384615385,0.00129027490675382
14.7307692307692,0.00129495714324921
14.75,0.00129965496002949
14.7692307692308,0.00130436837798796
14.7884615384615,0.00130909741789933
14.8076923076923,0.00131384210041914
14.8269230769231,0.00131860244608313
14.8461538461538,0.00132337847530672
14.8653846153846,0.00132817020838443
14.8846153846154,0.00133297766548928
14.9038461538462,0.00133780086667225
14.9230769230769,0.00134263983186176
14.9423076923077,0.00134749458086304
14.9615384615385,0.00135236513335768
14.9807692307692,0.001357251508903
15,0.00136215372693158
15.0192307692308,0.0013670718041843
15.0384615384615,0.00137200575983706
15.0576923076923,0.00137695561293937
15.0769230769231,0.00138192138241384
15.0961538461538,0.0013869030870557
15.1153846153846,0.00139190074553226
15.1346153846154,0.00139691437638241
15.1538461538462,0.0014019439980162
15.1730769230769,0.00140698962871425
15.1923076923077,0.00141205128662735
15.2115384615385,0.00141712898977596
15.2307692307692,0.00142222275604974
15.25,0.00142733260320707
15.2692307692308,0.00143245854887464
15.2884615384615,0.00143760061054694
15.3076923076923,0.00144275880558588
15.3269230769231,0.00144793315122029
15.3461538461538,0.00145312366454553
15.3653846153846,0.00145833036252302
15.3846153846154,0.00146355326197988
15.4038461538462,0.00146879237960847
15.4230769230769,0.00147404773196597
15.4423076923077,0.00147931933547402
15.4615384615385,0.00148460720641831
15.4807692307692,0.00148991136094817
15.5,0.00149523181507619
15.5192307692308,0.00150056858467786
15.5384615384615,0.0015059216854912
15.5576923076923,0.00151129113311637
15.5769230769231,0.00151667694301534
15.5961538461538,0.0015220791305115
15.6153846153846,0.00152749771078937
15.6346153846154,0.00153293269889421
15.6538461538462,0.00153838410973171
15.6730769230769,0.00154385195806766
15.6923076923077,0.00154933625852764
15.7115384615385,0.00155483702559669
15.7307692307692,0.00156035427361902
15.75,0.0015658880167977
15.7692307692308,0.00157143826919436
15.7884615384615,0.00157700504472895
15.8076923076923,0.00158258835717939
15.8269230769231,0.00158818822018135
15.8461538461538,0.00159380464722797
15.8653846153846,0.00159943765166959
15.8846153846154,0.00160508724671353
15.9038461538462,0.0016107534454238
15.9230769230769,0.0016164362607209
15.9423076923077,0.00162213570538158
15.9615384615385,0.0016278517920386
15.9807692307692,0.00163358453318054
16,0.00163933394115156
16.0192307692308,0.00164510002537627
16.0384615384615,0.00165088279790395
16.0576923076923,0.00165668227063882
16.0769230769231,0.00166249845533992
16.0961538461538,0.00166833136362088
16.1153846153846,0.00167418100694982
16.1346153846154,0.00168004739664912
16.1538461538462,0.00168593054389531
16.1730769230769,0.00169183045971892
16.1923076923077,0.00169774715500435
16.2115384615385,0.00170368064048971
16.2307692307692,0.00170963092676673
16.25,0.00171559802428064
16.2692307692308,0.00172158194333002
16.2884615384615,0.00172758269406678
16.3076923076923,0.00173360028649598
16.3269230769231,0.00173963473047582
16.3461538461538,0.00174568603571749
16.3653846153846,0.00175175421178516
16.3846153846154,0.0017578392680959
16.4038461538462,0.0017639412139196
16.4230769230769,0.00177006005837895
16.4423076923077,0.00177619581044937
16.4615384615385,0.00178234847895901
16.4807692307692,0.00178851807258872
16.5,0.001794704599872
16.5192307692308,0.00180090806919502
16.5384615384615,0.00180712848879661
16.5576923076923,0.00181336586676826
16.5769230769231,0.00181962021105414
16.5961538461538,0.0018258915294511
16.6153846153846,0.00183217982960874
16.6346153846154,0.00183848511902938
16.6538461538462,0.00184480740506817
16.6730769230769,0.00185114669493311
16.6923076923077,0.00185750299568509
16.7115384615385,0.00186387631423799
16.7307692307692,0.00187026665735873
16.75,0.00187667403166737
16.7692307692308,0.00188309844363719
16.7884615384615,0.00188953989959477
16.8076923076923,0.00189599840572012
16.8269230769231,0.00190247396804677
16.8461538461538,0.00190896659246193
16.8653846153846,0.00191547628470655
16.8846153846154,0.00192200305037552
16.9038461538462,0.00192854689491778
16.9230769230769,0.00193510782363648
16.9423076923077,0.00194168584168914
16.9615384615385,0.00194828095408779
16.9807692307692,0.00195489316569919
17,0.00196152248124496
17.0192307692308,0.00196816890153227
17.0384615384615,0.00197483243098651
17.0576923076923,0.00198151307388853
17.0769230769231,0.00198821083437482
17.0961538461538,0.00199492571643775
17.1153846153846,0.0020016577239258
17.1346153846154,0.00200840686054377
17.1538461538462,0.00201517312985305
17.1730769230769,0.00202195653527187
17.1923076923077,0.00202875708007554
17.2115384615385,0.00203557476739674
17.2307692307692,0.00204240960022576
17.25,0.00204926158141083
17.2692307692308,0.00205613071365839
17.2884615384615,0.00206301699953334
17.3076923076923,0.00206992044145943
17.3269230769231,0.00207684104171953
17.3461538461538,0.00208377880245591
17.3653846153846,0.00209073372567065
17.3846153846154,0.00209770581322591
17.4038461538462,0.00210469506684433
17.4230769230769,0.0021117014881093
17.4423076923077,0.00211872507846541
17.4615384615385,0.00212576583921875
17.4807692307692,0.00213282377153731
17.5,0.00213989887645137
17.5192307692308,0.00214699115485387
17.5384615384615,0.0021541006075008
17.5576923076923,0.00216122723501164
17.5769230769231,0.00216837103786974
17.5961538461538,0.00217553201642273
17.6153846153846,0.00218271017088298
17.6346153846154,0.00218990550132801
17.6538461538462,0.00219711800770096
17.6730769230769,0.00220434768981098
17.6923076923077,0.00221159454733375
17.7115384615385,0.0022188585798119
17.7307692307692,0.0022261397866555
17.75,0.00223343816714255
17.7692307692308,0.00224075372041942
17.7884615384615,0.0022480864455014
17.8076923076923,0.00225543634127316
17.8269230769231,0.00226280340648927
17.8461538461538,0.00227018763977471
17.8653846153846,0.0022775890396254
17.8846153846154,0.00228500760440873
17.9038461538462,0.00229244333236409
17.9230769230769,0.0022998962216034
17.9423076923077,0.00230736627011169
17.9615384615385,0.00231485347574763
17.9807692307692,0.00232235783624412
18,0.00232987934920883
18.0192307692308,0.00233741800759456
18.0384615384615,0.00234497380875356
18.0576923076923,0.00235254674991459
18.0769230769231,0.0023601368281835
18.0961538461538,0.00236774404054389
18.1153846153846,0.00237536838385766
18.1346153846154,0.00238300985486569
18.1538461538462,0.00239066845018842
18.1730769230769,0.00239834416632652
18.1923076923077,0.00240603699966151
18.2115384615385,0.0024137469464564
18.2307692307692,0.00242147400285637
18.25,0.00242921816488943
18.2692307692308,0.00243697942846705
18.2884615384615,0.0024447577893849
18.3076923076923,0.00245255324332345
18.3269230769231,0.00246036578584873
18.3461538461538,0.002468195412413
18.3653846153846,0.00247604211835543
18.3846153846154,0.00248390589890283
18.4038461538462,0.00249178674917035
18.4230769230769,0.00249968466416223
18.4423076923077,0.00250759963877247
18.4615384615385,0.00251553166778564
18.4807692307692,0.00252348074587754
18.5,0.00253144686761601
18.5192307692308,0.00253943002746164
18.5384615384615,0.00254743021976855
18.5576923076923,0.00255544743878513
18.5769230769231,0.00256348167865486
18.5961538461538,0.00257153293341702
18.6153846153846,0.00257960119700752
18.6346153846154,0.00258768646325969
18.6538461538462,0.00259578872590504
18.6730769230769,0.00260390797857408
18.6923076923077,0.00261204421479714
18.7115384615385,0.00262019742800516
18.7307692307692,0.00262836761153052
18.75,0.00263655475860786
18.7692307692308,0.00264475886237491
18.7884615384615,0.00265297991587334
18.8076923076923,0.00266121791204955
18.8269230769231,0.00266947284375561
18.8461538461538,0.00267774470375001
18.8653846153846,0.00268603348469859
18.8846153846154,0.00269433917917536
18.9038461538462,0.00270266177966341
18.9230769230769,0.00271100127855574
18.9423076923077,0.00271935766815619
18.9615384615385,0.00272773094068026
18.9807692307692,0.00273612108825607
19,0.0027445281029252
19.0192307692308,0.00275295197191566
19.0384615384615,0.00276139268709289
19.0576923076923,0.00276985024023848
19.0769230769231,0.00277832462305111
19.0961538461538,0.00278681582714749
19.1153846153846,0.00279532384406327
19.1346153846154,0.00280384866525397
19.1538461538462,0.00281239028209591
19.1730769230769,0.00282094868588717
19.1923076923077,0.00282952386784853
19.2115384615385,0.00283811581912441
19.2307692307692,0.00284672453078385
19.25,0.00285534999382144
19.2692307692308,0.00286399219915831
19.2884615384615,0.00287265113764309
19.3076923076923,0.0028813268000529
19.3269230769231,0.00289001917709429
19.3461538461538,0.00289872825940426
19.3653846153846,0.00290745403755125
19.3846153846154,0.0029161965020361
19.4038461538462,0.00292495564329308
19.4230769230769,0.00293373145169087
19.4423076923077,0.00294252391753357
19.4615384615385,0.00295133303106173
19.4807692307692,0.00296015878245333
19.5,0.00296900116182482
19.5192307692308,0.00297786015923213
19.5384615384615,0.00298673576467171
19.5576923076923,0.00299562796808155
19.5769230769231,0.00300453675934221
19.5961538461538,0.00301346212827787
19.6153846153846,0.00302240406465736
19.6346153846154,0.00303136255819522
19.6538461538462,0.00304033759855271
19.6730769230769,0.00304932917533894
19.6923076923077,0.00305833727811183
19.7115384615385,0.00306736189637924
19.7307692307692,0.00307640301960003
19.75,0.00308546063718506
19.7692307692308,0.00309453473849836
19.7884615384615,0.00310362531285811
19.8076923076923,0.00311273234953779
19.8269230769231,0.00312185583776722
19.8461538461538,0.00313099576673364
19.8653846153846,0.00314015212558282
19.8846153846154,0.00314932490342016
19.9038461538462,0.00315851408931174
19.9230769230769,0.00316771967228543
19.9423076923077,0.00317694164133203
19.9615384615385,0.00318617998540631
19.9807692307692,0.00319543469342818
20,0.00320470575428372
20.0192307692308,0.00321399315092574
20.0384615384615,0.00322329687217022
20.0576923076923,0.00323261690680264
20.0769230769231,0.00324195324357915
20.0961538461538,0.00325130587122765
20.1153846153846,0.00326067477844895
20.1346153846154,0.00327005995391787
20.1538461538462,0.00327946138628436
20.1730769230769,0.00328887906417467
20.1923076923077,0.00329831297619246
20.2115384615385,0.00330776311091992
20.2307692307692,0.00331722945691896
20.25,0.0033267120027323
20.2692307692308,0.00333621073688461
20.2884615384615,0.00334572564788371
20.3076923076923,0.00335525672422168
20.3269230769231,0.00336480395437599
20.3461538461538,0.00337436732681069
20.3653846153846,0.00338394682997754
20.3846153846154,0.00339354245231718
20.4038461538462,0.00340315418226026
20.4230769230769,0.00341278200822864
20.4423076923077,0.0034224259186365
20.4615384615385,0.00343208590189156
20.4807692307692,0.00344176194639618
20.5,0.00345145404054857
20.5192307692308,0.00346116217274395
20.5384615384615,0.00347088633137571
20.5576923076923,0.00348062650483658
20.5769230769231,0.00349038268151978
20.5961538461538,0.00350015484982026
20.6153846153846,0.00350994299813578
20.6346153846154,0.00351974711486816
20.6538461538462,0.00352956718842443
20.6730769230769,0.003539403207218
20.6923076923077,0.00354925515966984
20.7115384615385,0.00355912303420966
20.7307692307692,0.0035690068192771
20.75,0.00357890650332292
20.7692307692308,0.00358882207481013
20.7884615384615,0.00359875352221525
20.8076923076923,0.00360870083402943
20.8269230769231,0.00361866399875966
20.8461538461538,0.00362864300492997
20.8653846153846,0.00363863784108258
20.8846153846154,0.00364864849577912
20.9038461538462,0.0036586749576018
20.9230769230769,0.0036687172151546
20.9423076923077,0.00367877525706446
20.9615384615385,0.00368884907198247
20.9807692307692,0.00369893864858507
21,0.00370904397557521
21.0192307692308,0.00371916503460329
21.0384615384615,0.00372930181442326
21.0576923076923,0.00373945430381916
21.0769230769231,0.00374962249160625
21.0961538461538,0.00375980636663228
21.1153846153846,0.00377000591777859
21.1346153846154,0.00378022113396141
21.1538461538462,0.00379045200413294
21.1730769230769,0.00380069851728263
21.1923076923077,0.00381096066243832
21.2115384615385,0.00382123842866744
21.2307692307692,0.00383153180507821
21.25,0.00384184078082082
21.2692307692308,0.00385216534508865
21.2884615384615,0.00386250548711941
21.3076923076923,0.00387286119619636
21.3269230769231,0.0038832324616495
21.3461538461538,0.00389361927285675
21.3653846153846,0.00390402161924514
21.3846153846154,0.003914439490292
21.4038461538462,0.00392487287552615
21.4230769230769,0.00393532176452908
21.4423076923077,0.00394578614693613
21.4615384615385,0.0039562660124377
21.4807692307692,0.0039667613507804
21.5,0.00397727215176827
21.5192307692308,0.00398779840526393
21.5384615384615,0.00399834010118978
21.5576923076923,0.00400889722952918
21.5769230769231,0.00401946978032765
21.5961538461538,0.00403005774369398
21.6153846153846,0.0040406611098015
21.6346153846154,0.00405127986888919
21.6538461538462,0.00406191401126289
21.6730769230769,0.00407256352729647
21.6923076923077,0.00408322840743297
21.7115384615385,0.00409390864218585
21.7307692307692,0.00410460422214007
21.75,0.00411531513795333
21.7692307692308,0.0041260413803572
21.7884615384615,0.00413678294015831
21.8076923076923,0.0041475398082395
21.8269230769231,0.00415831197556099
21.8461538461538,0.00416909943316156
21.8653846153846,0.00417990217215969
21.8846153846154,0.00419072018375471
21.9038461538462,0.00420155345922802
21.9230769230769,0.00421240198994415
21.9423076923077,0.00422326576735202
21.9615384615385,0.00423414478298601
21.9807692307692,0.00424503902846717
22,0.00425594849550434
22.0192307692308,0.0042668731689974
22.0384615384615,0.00427781304082985
22.0576923076923,0.0042887681029764
22.0769230769231,0.00429973834750411
22.0961538461538,0.00431072376657354
22.1153846153846,0.00432172435243987
22.1346153846154,0.00433274009745406
22.1538461538462,0.00434377099406398
22.1730769230769,0.00435481703481553
22.1923076923077,0.00436587821235379
22.2115384615385,0.00437695451942415
22.2307692307692,0.00438804594887341
22.25,0.00439915249365095
22.2692307692308,0.0044102741468098
22.2884615384615,0.00442141090150781
22.3076923076923,0.00443256275100874
22.3269230769231,0.0044437296886834
22.3461538461538,0.00445491170801073
22.3653846153846,0.00446610880257894
22.3846153846154,0.0044773209660866
22.4038461538462,0.00448854819234378
22.4230769230769,0.00449979047527311
22.4423076923077,0.00451104780891092
22.4615384615385,0.00452232018740832
22.4807692307692,0.0045336076050323
22.5,0.00454491005616684
22.5192307692308,0.00455622753531397
22.5384615384615,0.00456756003709489
22.5576923076923,0.00457890755625105
22.5769230769231,0.00459027008764523
22.5961538461538,0.00460164762626262
22.6153846153846,0.0046130401672119
22.6346153846154,0.00462444770572633
22.6538461538462,0.0046358702371648
22.6730769230769,0.00464730775701293
22.6923076923077,0.0046587602608841
22.7115384615385,0.00467022774452055
22.7307692307692,0.00468171020379445
22.75,0.00469320763470889
22.7692307692308,0.00470472003339904
22.7884615384615,0.00471624739613312
22.8076923076923,0.0047277897193135
22.8269230769231,0.00473934699947772
22.8461538461538,0.00475091923329954
22.8653846153846,0.00476250641759001
22.8846153846154,0.00477410854929847
22.9038461538462,0.0047857256255136
22.9230769230769,0.00479735764346447
22.9423076923077,0.00480900460052157
22.9615384615385,0.00482066649419778
22.9807692307692,0.00483234332214948
23,0.0048440350821775
23.0192307692308,0.00485574176668631
23.0384615384615,0.00486746337376584
23.0576923076923,0.00487919990165351
23.0769230769231,0.00489095134873525
23.0961538461538,0.0049027177135465
23.1153846153846,0.00491449899477319
23.1346153846154,0.00492629519125277
23.1538461538462,0.0049381063019752
23.1730769230769,0.0049499323260839
23.1923076923077,0.00496177326287682
23.2115384615385,0.00497362911180733
23.2307692307692,0.00498549987248528
23.25,0.00499738554467794
23.2692307692308,0.00500928612831098
23.2884615384615,0.00502120162346944
23.3076923076923,0.00503313203039869
23.3269230769231,0.00504507734950543
23.3461538461538,0.00505703758135862
23.3653846153846,0.00506901272669044
23.3846153846154,0.00508100278639724
23.4038461538462,0.00509300776154052
23.4230769230769,0.00510502765334786
23.4423076923077,0.00511706246321383
23.4615384615385,0.005129112192701
23.4807692307692,0.0051411768435408
23.5,0.00515325641763453
23.5192307692308,0.00516535091705422
23.5384615384615,0.00517746034404359
23.5576923076923,0.00518958470101899
23.5769230769231,0.00520172399057028
23.5961538461538,0.00521387821546175
23.6153846153846,0.00522604737863308
23.6346153846154,0.00523823148320017
23.6538461538462,0.00525043053245612
23.6730769230769,0.00526264452987207
23.6923076923077,0.00527487347909813
23.7115384615385,0.00528711738396427
23.7307692307692,0.0052993762484812
23.75,0.00531165007684125
23.7692307692308,0.00532393887341928
23.7884615384615,0.00533624264277353
23.8076923076923,0.00534856138964649
23.8269230769231,0.00536089511896581
23.8461538461538,0.00537324383584512
23.8653846153846,0.0053856075455849
23.8846153846154,0.00539798625367339
23.9038461538462,0.00541037996578736
23.9230769230769,0.00542278868779305
23.9423076923077,0.00543521242574695
23.9615384615385,0.00544765118589669
23.9807692307692,0.00546010497468182
24,0.00547257379873472
24.0192307692308,0.00548505766176657
24.0384615384615,0.00549755657079633
24.0576923076923,0.00551007053303822
24.0769230769231,0.00552259955590255
24.0961538461538,0.00553514364699653
24.1153846153846,0.00554770281412506
24.1346153846154,0.00556027706529157
24.1538461538462,0.00557286640869881
24.1730769230769,0.00558547085274966
24.1923076923077,0.00559809040604788
24.2115384615385,0.005610725077399
24.2307692307692,0.00562337487581101
24.25,0.0056360398104952
24.2692307692308,0.00564871989086692
24.2884615384615,0.00566141512654636
24.3076923076923,0.00567412552735933
24.3269230769231,0.00568685110333804
24.3461538461538,0.0056995918647218
24.3653846153846,0.00571234782195789
24.3846153846154,0.00572511898570222
24.4038461538462,0.00573790536682013
24.4230769230769,0.00575070697638712
24.4423076923077,0.00576352382568962
24.4615384615385,0.00577635592622568
24.4807692307692,0.00578920328970579
24.5,0.0058020659280535
24.5192307692308,0.00581494385340626
24.5384615384615,0.00582783707811607
24.5576923076923,0.00584074561475025
24.5769230769231,0.0058536694760921
24.5961538461538,0.00586660867514167
24.6153846153846,0.00587956322511643
24.6346153846154,0.00589253313945198
24.6538461538462,0.00590551843180276
24.6730769230769,0.00591851911604274
24.6923076923077,0.00593153520626613
24.7115384615385,0.00594456671678802
24.7307692307692,0.00595761366214513
24.75,0.00597067605709641
24.7692307692308,0.00598375391662381
24.7884615384615,0.00599684725593286
24.8076923076923,0.00600995609045338
24.8269230769231,0.00602308043584017
24.8461538461538,0.0060362203079736
24.8653846153846,0.00604937572296033
24.8846153846154,0.00606254669713392
24.9038461538462,0.00607573324705549
24.9230769230769,0.00608893538951435
24.9423076923077,0.00610215314152868
24.9615384615385,0.00611538652034611
24.9807692307692,0.00612863554344438
25,0.00614190022853195
25.0192307692308,0.00615518059101815
25.0384615384615,0.00616847664907354
25.0576923076923,0.00618178842110124
25.0769230769231,0.00619511592573753
25.0961538461538,0.00620845918185248
25.1153846153846,0.00622181820855051
25.1346153846154,0.00623519302517103
25.1538461538462,0.00624858365128901
25.1730769230769,0.00626199010671556
25.1923076923077,0.00627541241149853
25.2115384615385,0.00628885058592306
25.2307692307692,0.00630230465051221
25.25,0.00631577462602748
25.2692307692308,0.00632926053346939
25.2884615384615,0.00634276239407804
25.3076923076923,0.00635628022933371
25.3269230769231,0.00636981406095733
25.3461538461538,0.0063833639109111
25.3653846153846,0.006396929801399
25.3846153846154,0.00641051175486737
25.4038461538462,0.00642410979400538
25.4230769230769,0.00643772394174562
25.4423076923077,0.00645135422126464
25.4615384615385,0.00646500065598338
25.4807692307692,0.00647866326956781
25.5,0.00649234208592935
25.5192307692308,0.00650603712922543
25.5384615384615,0.00651974842386
25.5576923076923,0.00653347599448401
25.5769230769231,0.0065472198659959
25.5961538461538,0.00656098006354213
25.6153846153846,0.00657475661251764
25.6346153846154,0.00658854953856634
25.6538461538462,0.0066023588675816
25.6730769230769,0.00661618462570671
25.6923076923077,0.00663002683933539
25.7115384615385,0.0066438855351122
25.7307692307692,0.00665776073993304
25.75,0.00667165248094562
25.7692307692308,0.00668556078554989
25.7884615384615,0.00669948568139847
25.8076923076923,0.00671342719639715
25.8269230769231,0.0067273853587053
25.8461538461538,0.00674136019673631
25.8653846153846,0.00675535173915801
25.8846153846154,0.00676936001489313
25.9038461538462,0.0067833850531197
25.9230769230769,0.00679742688327147
25.9423076923077,0.00681148553503832
25.9615384615385,0.00682556103836671
25.9807692307692,0.00683965342346002
26,0.00685376272077901
26.0192307692308,0.00686788895670702
26.0384615384615,0.00688203216221832
26.0576923076923,0.0068961923685457
26.0769230769231,0.0069103696071808
26.0961538461538,0.00692456390987454
26.1153846153846,0.00693877530863747
26.1346153846154,0.00695300383574013
26.1538461538462,0.00696724952371344
26.1730769230769,0.00698151240534906
26.1923076923077,0.00699579251369972
26.2115384615385,0.0070100898820796
26.2307692307692,0.00702440454406466
26.25,0.00703873653349296
26.2692307692308,0.00705308588446506
26.2884615384615,0.00706745263134431
26.3076923076923,0.00708183680875717
26.3269230769231,0.00709623845159356
26.3461538461538,0.00711065759500717
26.3653846153846,0.00712509427441577
26.3846153846154,0.00713954852550151
26.4038461538462,0.00715402038421126
26.4230769230769,0.00716850988675689
26.4423076923077,0.00718301706961553
26.4615384615385,0.00719754196952992
26.4807692307692,0.00721208462350868
26.5,0.00722664506882655
26.5192307692308,0.00724122334302472
26.5384615384615,0.00725581948391108
26.5576923076923,0.00727043352956048
26.5769230769231,0.00728506551831501
26.5961538461538,0.00729971548878423
26.6153846153846,0.00731438347984544
26.6346153846154,0.00732906953064394
26.6538461538462,0.00734377368059326
26.6730769230769,0.00735849596937538
26.6923076923077,0.00737323643694097
26.7115384615385,0.00738799512350966
26.7307692307692,0.00740277206957021
26.75,0.00741756731588075
26.7692307692308,0.00743238090346899
26.7884615384615,0.00744721287363241
26.8076923076923,0.00746206326793852
26.8269230769231,0.00747693212822498
26.8461538461538,0.00749181949659984
26.8653846153846,0.00750672541544174
26.8846153846154,0.00752164992740004
26.9038461538462,0.00753659307539504
26.9230769230769,0.00755155490261813
26.9423076923077,0.00756653545253199
26.9615384615385,0.00758153476887069
26.9807692307692,0.00759655289563991
27,0.00761158987711707
27.0192307692308,0.00762664575052229
27.0384615384615,0.00764172056067204
27.0576923076923,0.00765681435265482
27.0769230769231,0.00767192717183136
27.0961538461538,0.00768705906383476
27.1153846153846,0.00770221007457054
27.1346153846154,0.00771738025021681
27.1538461538462,0.00773256963722433
27.1730769230769,0.00774777828231668
27.1923076923077,0.00776300623249029
27.2115384615385,0.00777825353501455
27.2307692307692,0.00779352023743192
27.25,0.00780880638755798
27.2692307692308,0.00782411203348152
27.2884615384615,0.00783943722356462
27.3076923076923,0.00785478200644267
27.3269230769231,0.00787014643102446
27.3461538461538,0.00788553054649223
27.3653846153846,0.00790093440230172
27.3846153846154,0.00791635804818218
27.4038461538462,0.00793180153413642
27.4230769230769,0.00794726491044086
27.4423076923077,0.00796274822764551
27.4615384615385,0.00797825153657403
27.4807692307692,0.00799377488832368
27.5,0.0080093183342654
27.5192307692308,0.00802488192604374
27.5384615384615,0.00804046571557689
27.5576923076923,0.00805606975505664
27.5769230769231,0.0080716940969484
27.5961538461538,0.0080873387939911
27.6153846153846,0.00810300389919725
27.6346153846154,0.00811868946585281
27.6538461538462,0.0081343955475172
27.6730769230769,0.00815012219802325
27.6923076923077,0.00816586947147707
27.7115384615385,0.00818163742225809
27.7307692307692,0.0081974261050189
27.75,0.00821323557468522
27.7692307692308,0.00822906588645577
27.7884615384615,0.00824491709580227
27.8076923076923,0.0082607892584692
27.8269230769231,0.00827668243047381
27.8461538461538,0.00829259666810597
27.8653846153846,0.00830853202792805
27.8846153846154,0.00832448856677476
27.9038461538462,0.00834046634175309
27.9230769230769,0.00835646541024209
27.9423076923077,0.0083724858298928
27.9615384615385,0.00838852765862801
27.9807692307692,0.00840459095464218
28,0.00842067577640122
28.0192307692308,0.0084367821674589
28.0384615384615,0.00845291018681104
28.0576923076923,0.00846905989372418
28.0769230769231,0.00848523134773541
28.0961538461538,0.00850142460865218
28.1153846153846,0.00851763973655209
28.1346153846154,0.00853387679178263
28.1538461538462,0.00855013583496099
28.1730769230769,0.00856641692697379
28.1923076923077,0.00858272012897687
28.2115384615385,0.00859904550239502
28.2307692307692,0.0086153931089217
28.25,0.00863176301051881
28.2692307692308,0.00864815526941639
28.2884615384615,0.00866456994811233
28.3076923076923,0.0086810071093721
28.3269230769231,0.00869746681622844
28.3461538461538,0.00871394913198103
28.3653846153846,0.00873045412019619
28.3846153846154,0.00874698184470657
28.4038461538462,0.00876353236961079
28.4230769230769,0.0087801057592731
28.4423076923077,0.00879670207832304
28.4615384615385,0.00881332139165507
28.4807692307692,0.00882996376442821
28.5,0.00884662926206564
28.5192307692308,0.00886331795025435
28.5384615384615,0.00888002989494473
28.5576923076923,0.00889676516235012
28.5769230769231,0.00891352381894648
28.5961538461538,0.00893030593147189
28.6153846153846,0.00894711156692618
28.6346153846154,0.0089639407925704
28.6538461538462,0.00898079367592649
28.6730769230769,0.00899767028477672
28.6923076923077,0.00901457068716326
28.7115384615385,0.0090314949513877
28.7307692307692,0.00904844314601056
28.75,0.00906541533985075
28.7692307692308,0.00908241160198516
28.7884615384615,0.00909943200174801
28.8076923076923,0.00911647660873042
28.8269230769231,0.00913354549277984
28.8461538461538,0.00915063872399949
28.8653846153846,0.0091677563727478
28.8846153846154,0.00918489850963784
28.9038461538462,0.00920206520553677
28.9230769230769,0.00921925653156521
28.9423076923077,0.00923647255909662
28.9615384615385,0.00925371335975676
28.9807692307692,0.00927097900542301
29,0.00928826956822373
29.0192307692308,0.00930558510034186
29.0384615384615,0.00932292567438531
29.0576923076923,0.00934029136321075
29.0769230769231,0.00935768223992297
29.0961538461538,0.00937509837787421
29.1153846153846,0.00939253985066343
29.1346153846154,0.00941000673213556
29.1538461538462,0.00942749909638083
29.1730769230769,0.00944501701773404
29.1923076923077,0.00946256057077373
29.2115384615385,0.0094801298303215
29.2307692307692,0.00949772487144118
29.25,0.00951534576943809
29.2692307692308,0.0095329925998582
29.2884615384615,0.00955066543848732
29.3076923076923,0.0095683643613503
29.3269230769231,0.0095860894447102
29.3461538461538,0.0096038407650674
29.3653846153846,0.00962161839915873
29.3846153846154,0.00963942242395667
29.4038461538462,0.00965725291666839
29.4230769230769,0.00967510995473486
29.4423076923077,0.00969299361582994
29.4615384615385,0.00971090397785948
29.4807692307692,0.00972884111896032
29.5,0.00974680511749937
29.5192307692308,0.00976479605207265
29.5384615384615,0.00978281400150423
29.5576923076923,0.00980085904484537
29.5769230769231,0.00981893126137335
29.5961538461538,0.00983703073059056
29.6153846153846,0.0098551575322234
29.6346153846154,0.00987331174622124
29.6538461538462,0.00989149345275534
29.6730769230769,0.00990970273221777
29.6923076923077,0.00992793966522034
29.7115384615385,0.0099462043325934
29.7307692307692,0.0099644968153848
29.75,0.00998281719485869
29.7692307692308,0.0100011655524944
29.7884615384615,0.0100195419699851
29.8076923076923,0.010037946529237
29.8269230769231,0.0100563793123676
29.8461538461538,0.0100748404017049
29.8653846153846,0.010093329879786
29.8846153846154,0.0101118478293558
29.9038461538462,0.0101303943333658
29.9230769230769,0.0101489694749727
29.9423076923077,0.0101675733375372
29.9615384615385,0.0101862060046227
29.9807692307692,0.0102048675599939
30,0.0102235580876153
30.0192307692308,0.0102422776470915
30.0384615384615,0.0102610263227528
30.0576923076923,0.0102798041991248
30.0769230769231,0.0102986113609272
30.0961538461538,0.0103174478930723
30.1153846153846,0.0103363138806635
30.1346153846154,0.0103552094089939
30.1538461538462,0.0103741345635446
30.1730769230769,0.0103930894299836
30.1923076923077,0.0104120740941636
30.2115384615385,0.0104310886421211
30.2307692307692,0.0104501331600744
30.25,0.0104692077344222
30.2692307692308,0.0104883124517419
30.2884615384615,0.010507447398788
30.3076923076923,0.0105266126624904
30.3269230769231,0.0105458083299527
30.3461538461538,0.0105650344884506
30.3653846153846,0.0105842912254303
30.3846153846154,0.0106035786285064
30.4038461538462,0.0106228967854603
30.4230769230769,0.0106422457842387
30.4423076923077,0.0106616257129513
30.4615384615385,0.0106810366598695
30.4807692307692,0.0107004787134241
30.5,0.0107199519622038
30.5192307692308,0.010739456494953
30.5384615384615,0.0107589924005701
30.5576923076923,0.0107785597681056
30.5769230769231,0.01079815868676
30.5961538461538,0.0108177892458819
30.6153846153846,0.010837451534966
30.6346153846154,0.0108571456436512
30.6538461538462,0.0108768716617181
30.6730769230769,0.0108966296790877
30.6923076923077,0.0109164197858186
30.7115384615385,0.0109362420721054
30.7307692307692,0.010956096628276
30.75,0.0109759835447901
30.7692307692308,0.0109959029122366
30.7884615384615,0.0110158548213315
30.8076923076923,0.0110358393629156
30.8269230769231,0.0110558566279523
30.8461538461538,0.0110759067075255
30.8653846153846,0.0110959896928369
30.8846153846154,0.0111161056752039
30.9038461538462,0.0111362547460574
30.9230769230769,0.0111564369969391
30.9423076923077,0.0111766525194993
30.9615384615385,0.0111969014054943
30.9807692307692,0.0112171837467842
31,0.0112374996353302
31.0192307692308,0.0112578491334359
31.0384615384615,0.0112782323332145
31.0576923076923,0.0112986493268723
31.0769230769231,0.0113191002067062
31.0961538461538,0.0113395850651009
31.1153846153846,0.0113601039945266
31.1346153846154,0.0113806570875361
31.1538461538462,0.0114012444367622
31.1730769230769,0.0114218661349147
31.1923076923077,0.011442522274778
31.2115384615385,0.011463212949208
31.2307692307692,0.0114839382511295
31.25,0.0115046982735332
31.2692307692308,0.0115254931094729
31.2884615384615,0.0115463228520627
31.3076923076923,0.0115671875944737
31.3269230769231,0.0115880874299314
31.3461538461538,0.0116090224517124
31.3653846153846,0.0116299927531418
31.3846153846154,0.0116509984275896
31.4038461538462,0.0116720395684681
31.4230769230769,0.0116931162692281
31.4423076923077,0.0117142286233567
31.4615384615385,0.0117353767243733
31.4807692307692,0.0117565606658268
31.5,0.011777780541292
31.5192307692308,0.0117990364443667
31.5384615384615,0.0118203284686683
31.5576923076923,0.0118416567078301
31.5769230769231,0.0118630212554984
31.5961538461538,0.0118844222053288
31.6153846153846,0.0119058596509827
31.6346153846154,0.011927333686124
31.6538461538462,0.0119488444044154
31.6730769230769,0.011970391899515
31.6923076923077,0.0119919762650728
31.7115384615385,0.0120135975947267
31.7307692307692,0.012035255982099
31.75,0.0120569515207931
31.7692307692308,0.0120786843043891
31.7884615384615,0.0121004544264405
31.8076923076923,0.0121222619804702
31.8269230769231,0.0121441070599669
31.8461538461538,0.0121659897583808
31.8653846153846,0.01218791016912
31.8846153846154,0.0122098683855466
31.9038461538462,0.0122318645009723
31.9230769230769,0.012253898608655
31.9423076923077,0.0122759708017942
31.9615384615385,0.0122980811735271
31.9807692307692,0.0123202298169245
32,0.0123424168249864
32.0192307692308,0.012364642256347
32.0384615384615,0.0123869062037968
32.0576923076923,0.012409208760042
32.0769230769231,0.012431550017701
32.0961538461538,0.0124539300692997
32.1153846153846,0.012476349007267
32.1346153846154,0.0124988069239302
32.1538461538462,0.012521303911511
32.1730769230769,0.0125438400621206
32.1923076923077,0.0125664154677552
32.2115384615385,0.0125890302202911
32.2307692307692,0.0126116844114805
32.25,0.0126343781329467
32.2692307692308,0.012657111476179
32.2884615384615,0.0126798845325282
32.3076923076923,0.0127026973932016
32.3269230769231,0.0127255501492584
32.3461538461538,0.0127484428916045
32.3653846153846,0.0127713757109873
32.3846153846154,0.0127943486979916
32.4038461538462,0.0128173619430334
32.4230769230769,0.0128404155363556
32.4423076923077,0.0128635095680224
32.4615384615385,0.0128866441279145
32.4807692307692,0.0129098193057235
32.5,0.0129330351909469
32.5192307692308,0.0129562918728823
32.5384615384615,0.0129795894406228
32.5576923076923,0.0130029279830508
32.5769230769231,0.013026307588833
32.5961538461538,0.0130497283464146
32.6153846153846,0.0130731903440141
32.6346153846154,0.0130966936696171
32.6538461538462,0.0131202384109714
32.6730769230769,0.0131438246555806
32.6923076923077,0.0131674524906986
32.7115384615385,0.013191122003324
32.7307692307692,0.0132148332801938
32.75,0.0132385864077781
32.7692307692308,0.0132623814722734
32.7884615384615,0.0132862185595971
32.8076923076923,0.0133100977553815
32.8269230769231,0.0133340191449673
32.8461538461538,0.0133579828133976
32.8653846153846,0.013381988845412
32.8846153846154,0.0134060373254398
32.9038461538462,0.0134301283375942
32.9230769230769,0.0134542619656655
32.9423076923077,0.0134784382931149
32.9615384615385,0.0135026574030681
32.9807692307692,0.0135269193783087
33,0.0135512243012714
33.0192307692308,0.0135755722072673
33.0384615384615,0.0135999631779307
33.0576923076923,0.0136243972945268
33.0769230769231,0.0136488746379448
33.0961538461538,0.0136733952886912
33.1153846153846,0.0136979593268825
33.1346153846154,0.0137225668322387
33.1538461538462,0.0137472178840762
33.1730769230769,0.0137719125613004
33.1923076923077,0.013796650942399
33.2115384615385,0.0138214331054345
33.2307692307692,0.0138462591280374
33.25,0.0138711290873983
33.2692307692308,0.0138960430602609
33.2884615384615,0.0139210011229149
33.3076923076923,0.0139460033511878
33.3269230769231,0.0139710498204381
33.3461538461538,0.0139961406055472
33.3653846153846,0.014021275780912
33.3846153846154,0.0140464554204373
33.4038461538462,0.0140716795975279
33.4230769230769,0.0140969483850808
33.4423076923077,0.0141222618554773
33.4615384615385,0.0141476200805752
33.4807692307692,0.0141730231317007
33.5,0.0141984710796403
33.5192307692308,0.014223963994633
33.5384615384615,0.0142495019463616
33.5576923076923,0.014275085003945
33.5769230769231,0.0143007132359297
33.5961538461538,0.0143263867102812
33.6153846153846,0.014352105494376
33.6346153846154,0.0143778696549929
33.6538461538462,0.0144036792583045
33.6730769230769,0.0144295343698687
33.6923076923077,0.0144554350546197
33.7115384615385,0.0144813813768598
33.7307692307692,0.0145073734002501
33.75,0.0145334111878021
33.7692307692308,0.0145594948018683
33.7884615384615,0.0145856243041338
33.8076923076923,0.0146117997556067
33.8269230769231,0.0146380212166095
33.8461538461538,0.0146642887467695
33.8653846153846,0.0146906024050097
33.8846153846154,0.0147169622495398
33.9038461538462,0.0147433683378463
33.9230769230769,0.0147698207266838
33.9423076923077,0.0147963194720646
33.9615384615385,0.01482286462925
33.9807692307692,0.0148494562527401
34,0.0148760943962644
34.0192307692308,0.0149027790270044
34.0384615384615,0.01492951019696
34.0576923076923,0.0149562879573304
34.0769230769231,0.014983112358504
34.0961538461538,0.0150099834500489
34.1153846153846,0.0150369012807019
34.1346153846154,0.0150638658983593
34.1538461538462,0.0150908773500662
34.1730769230769,0.0151179356820062
34.1923076923077,0.0151450409394913
34.2115384615385,0.0151721931669513
34.2307692307692,0.0151993924079235
34.25,0.0152266387050418
34.2692307692308,0.0152539321000265
34.2884615384615,0.0152812726336735
34.3076923076923,0.0153086603458433
34.3269230769231,0.0153360952754507
34.3461538461538,0.0153635774604531
34.3653846153846,0.0153911069378406
34.3846153846154,0.015418683743624
34.4038461538462,0.0154463079128245
34.4230769230769,0.0154739794794618
34.4423076923077,0.0155016984765435
34.4615384615385,0.0155294649360536
34.4807692307692,0.0155572788889409
34.5,0.0155851403651079
34.5192307692308,0.0156130493933992
34.5384615384615,0.0156410060015898
34.5576923076923,0.0156690102163736
34.5769230769231,0.0156970620633518
34.5961538461538,0.0157251615670207
34.6153846153846,0.0157533087507604
34.6346153846154,0.0157815036368225
34.6538461538462,0.0158097462463182
34.6730769230769,0.0158380365992065
34.6923076923077,0.0158663747142815
34.7115384615385,0.015894760609161
34.7307692307692,0.0159231943002736
34.75,0.0159516758028466
34.7692307692308,0.0159802051308937
34.7884615384615,0.0160087822972023
34.8076923076923,0.0160374073133213
34.8269230769231,0.0160660801895481
34.8461538461538,0.0160948009349163
34.8653846153846,0.0161235695571827
34.8846153846154,0.0161523860628145
34.9038461538462,0.0161812504569768
34.9230769230769,0.0162101627435191
34.9423076923077,0.0162391229249626
34.9615384615385,0.0162681310024871
34.9807692307692,0.0162971869759178
35,0.0163262908437122
35.0192307692308,0.016355442482323
35.0384615384615,0.016384641887212
35.0576923076923,0.0164138890524323
35.0769230769231,0.0164431839706157
35.0961538461538,0.0164725266329585
35.1153846153846,0.016501917029208
35.1346153846154,0.0165313551476494
35.1538461538462,0.016560840975091
35.1730769230769,0.0165903744968513
35.1923076923077,0.016619955696745
35.2115384615385,0.0166495845570684
35.2307692307692,0.0166792610585863
35.25,0.0167089851805173
35.2692307692308,0.0167387569005198
35.2884615384615,0.0167685761946779
35.3076923076923,0.0167984430374871
35.3269230769231,0.0168283574018399
35.3461538461538,0.0168583192590115
35.3653846153846,0.0168883285786451
35.3846153846154,0.016918385328738
35.4038461538462,0.016948489475626
35.4230769230769,0.0169786409839698
35.4423076923077,0.0170088398167395
35.4615384615385,0.0170390859352002
35.4807692307692,0.0170693792988971
35.5,0.0170997198656408
35.5192307692308,0.0171301075914917
35.5384615384615,0.0171605424307458
35.5576923076923,0.0171910243359189
35.5769230769231,0.0172215532577321
35.5961538461538,0.017252129145096
35.6153846153846,0.0172827519450958
35.6346153846154,0.017313421602976
35.6538461538462,0.0173441380621248
35.6730769230769,0.0173749012640588
35.6923076923077,0.0174057111484076
35.7115384615385,0.017436567652898
35.7307692307692,0.0174674707133384
35.75,0.0174984202636037
35.7692307692308,0.0175294162356188
35.7884615384615,0.0175604585593432
35.8076923076923,0.0175915471627554
35.8269230769231,0.0176226819718364
35.8461538461538,0.0176538629105546
35.8653846153846,0.0176850899008489
35.8846153846154,0.0177163628626135
35.9038461538462,0.0177476817136813
35.9230769230769,0.0177790463698078
35.9423076923077,0.0178104567446552
35.9615384615385,0.0178419127497759
35.9807692307692,0.0178734142945963
36,0.0179049612864005
36.0192307692308,0.0179365534514878
36.0384615384615,0.0179681906925108
36.0576923076923,0.0179998729099309
36.0769230769231,0.0180316000020016
36.0961538461538,0.0180633718647525
36.1153846153846,0.018095188391972
36.1346153846154,0.0181270494751912
36.1538461538462,0.0181589550036672
36.1730769230769,0.0181909048643661
36.1923076923077,0.0182228989419467
36.2115384615385,0.0182549371187434
36.2307692307692,0.0182870192747496
36.25,0.0183191452876007
36.2692307692308,0.0183513150325573
36.2884615384615,0.0183835283824882
36.3076923076923,0.0184157852078538
36.3269230769231,0.0184480853766884
36.3461538461538,0.0184804287545842
36.3653846153846,0.0185128152046734
36.3846153846154,0.0185452445876113
36.4038461538462,0.0185777167615598
36.4230769230769,0.0186102315821693
36.4423076923077,0.0186427889025624
36.4615384615385,0.0186753885733164
36.4807692307692,0.0187080304424459
36.5,0.0187407143553859
36.5192307692308,0.0187734401549745
36.5384615384615,0.0188062076814353
36.5576923076923,0.0188390167723607
36.5769230769231,0.0188718672626941
36.5961538461538,0.0189047589847129
36.6153846153846,0.0189376917680109
36.6346153846154,0.0189706654394812
36.6538461538462,0.0190036798232986
36.6730769230769,0.0190367347409026
36.6923076923077,0.0190698300109794
36.7115384615385,0.0191029654494454
36.7307692307692,0.0191361408694289
36.75,0.0191693560812532
36.7692307692308,0.0192026108924193
36.7884615384615,0.019235905107588
36.8076923076923,0.0192692385285629
36.8269230769231,0.0193026109542728
36.8461538461538,0.0193360221807547
36.8653846153846,0.0193694720011355
36.8846153846154,0.0194029602056156
36.9038461538462,0.019436486581451
36.9230769230769,0.0194700509129356
36.9423076923077,0.0195036529813848
36.9615384615385,0.019537292565117
36.9807692307692,0.0195709694394372
37,0.019604683376619
37.0192307692308,0.0196384338928097
37.0384615384615,0.019672220753832
37.0576923076923,0.0197060437224277
37.0769230769231,0.0197399025582405
37.0961538461538,0.0197737970177986
37.1153846153846,0.019807726854498
37.1346153846154,0.0198416918185852
37.1538461538462,0.0198756916571396
37.1730769230769,0.0199097261140574
37.1923076923077,0.0199437949300336
37.2115384615385,0.0199778978425456
37.2307692307692,0.0200120345858359
37.25,0.0200462048908955
37.2692307692308,0.0200804084854467
37.2884615384615,0.0201146450939265
37.3076923076923,0.0201489144374694
37.3269230769231,0.0201832162338913
37.3461538461538,0.0202175501976723
37.3653846153846,0.0202519160399401
37.3846153846154,0.0202863134684535
37.4038461538462,0.0203207421875859
37.4230769230769,0.0203552018983088
37.4423076923077,0.0203896922981752
37.4615384615385,0.0204242130813035
37.4807692307692,0.0204587639383609
37.5,0.0204933445565477
37.5192307692308,0.0205279546195802
37.5384615384615,0.0205625938076758
37.5576923076923,0.020597261797536
37.5769230769231,0.0206319582623309
37.5961538461538,0.0206666828716834
37.6153846153846,0.020701435291653
37.6346153846154,0.0207362151847207
37.6538461538462,0.020771022209773
37.6730769230769,0.0208058560220863
37.6923076923077,0.0208407162733116
37.7115384615385,0.0208756026114595
37.7307692307692,0.0209105146808843
37.75,0.0209454521222694
37.7692307692308,0.0209804145726119
37.7884615384615,0.0210154016652077
37.8076923076923,0.0210504130296372
37.8269230769231,0.0210854482917496
37.8461538461538,0.0211205070736491
37.8653846153846,0.0211555889936802
37.8846153846154,0.0211906936664131
37.9038461538462,0.0212258207026296
37.9230769230769,0.021260969709309
37.9423076923077,0.0212961402896138
37.9615384615385,0.0213313320428763
37.9807692307692,0.0213665445645845
38,0.0214017774463686
38.0192307692308,0.0214370299771616
38.0384615384615,0.0214723017406026
38.0576923076923,0.0215075923164378
38.0769230769231,0.0215429012805074
38.0961538461538,0.0215782282047329
38.1153846153846,0.0216135726571044
38.1346153846154,0.0216489342016681
38.1538461538462,0.021684312398514
38.1730769230769,0.0217197068037633
38.1923076923077,0.0217551169695569
38.2115384615385,0.0217905424440433
38.2307692307692,0.0218259827713666
38.25,0.0218614374916555
38.2692307692308,0.0218969061410116
38.2884615384615,0.0219323882514984
38.3076923076923,0.02196788335113
38.3269230769231,0.0220033909638607
38.3461538461538,0.0220389106095743
38.3653846153846,0.0220744418040731
38.3846153846154,0.0221099840590688
38.4038461538462,0.0221455368821714
38.4230769230769,0.0221810997768798
38.4423076923077,0.0222166722425724
38.4615384615385,0.0222522537744974
38.4807692307692,0.0222878438637635
38.5,0.0223234419973313
38.5192307692308,0.0223590476580043
38.5384615384615,0.0223946603244204
38.5576923076923,0.0224302794710435
38.5769230769231,0.0224659045681556
38.5961538461538,0.0225015350818489
38.6153846153846,0.0225371704740181
38.6346153846154,0.022572810202353
38.6538461538462,0.0226084537203317
38.6730769230769,0.0226441004772132
38.6923076923077,0.0226797499180312
38.7115384615385,0.0227154014835876
38.7307692307692,0.0227510546104463
38.75,0.0227867087309275
38.7692307692308,0.0228223632731019
38.7884615384615,0.0228580176607856
38.8076923076923,0.022893671313535
38.8269230769231,0.0229293236466419
38.8461538461538,0.0229649740711292
38.8653846153846,0.0230006219937465
38.8846153846154,0.0230362668169663
38.9038461538462,0.0230719079389803
38.9230769230769,0.0231075447536963
38.9423076923077,0.0231431766507349
38.9615384615385,0.0231788030154267
38.9807692307692,0.0232144232288102
39,0.0232500366676294
39.0192307692308,0.0232856423883748
39.0384615384615,0.0233212397591991
39.0576923076923,0.0233568281439643
39.0769230769231,0.0233924069022409
39.0961538461538,0.0234279753893077
39.1153846153846,0.023463532956151
39.1346153846154,0.0234990789494656
39.1538461538462,0.023534612711655
39.1730769230769,0.0235701335808325
39.1923076923077,0.0236056408908223
39.2115384615385,0.023641133971161
39.2307692307692,0.0236766121470999
39.25,0.0237120747396072
39.2692307692308,0.0237475210653706
39.2884615384615,0.0237829504368005
39.3076923076923,0.0238183621620333
39.3269230769231,0.0238537555449351
39.3461538461538,0.0238891298851063
39.3653846153846,0.0239244844778857
39.3846153846154,0.0239598186143556
39.4038461538462,0.0239951315813473
39.4230769230769,0.0240304226614464
39.4423076923077,0.0240656911329994
39.4615384615385,0.0241009362701201
39.4807692307692,0.0241361573426962
39.5,0.024171353616397
39.5192307692308,0.0242065243526808
39.5384615384615,0.0242416688088035
39.5576923076923,0.0242767862378267
39.5769230769231,0.024311875888627
39.5961538461538,0.0243469370059052
39.6153846153846,0.0243819688301966
39.6346153846154,0.0244169705978804
39.6538461538462,0.0244519415411913
39.6730769230769,0.0244868808882304
39.6923076923077,0.0245217878629764
39.7115384615385,0.0245566616852981
39.7307692307692,0.0245915015709668
39.75,0.024626306731669
39.7692307692308,0.0246610763750202
39.7884615384615,0.0246958097045784
39.8076923076923,0.0247305059198587
39.8269230769231,0.024765164216348
39.8461538461538,0.0247997837855201
39.8653846153846,0.0248343638148517
39.8846153846154,0.0248689034878386
39.9038461538462,0.0249034019840122
39.9230769230769,0.0249378584789569
39.9423076923077,0.0249722721443277
39.9615384615385,0.0250066421478682
39.9807692307692,0.0250409676534296
40,0.0250752478209897
40.0192307692308,0.0251094814581856
40.0384615384615,0.0251436677176905
40.0576923076923,0.0251778057483769
40.0769230769231,0.0252118946953379
40.0961538461538,0.0252459336999088
40.1153846153846,0.0252799218996893
40.1346153846154,0.0253138584285669
40.1538461538462,0.0253477424167394
40.1730769230769,0.0253815729907394
40.1923076923077,0.0254153492734586
40.2115384615385,0.0254490703841722
40.2307692307692,0.0254827354385651
40.25,0.0255163435487572
40.2692307692308,0.0255498938233306
40.2884615384615,0.0255833853673559
40.3076923076923,0.0256168172824205
40.3269230769231,0.0256501886666562
40.3461538461538,0.0256834986147685
40.3653846153846,0.0257167462180652
40.3846153846154,0.0257499305644866
40.4038461538462,0.0257830507386358
40.4230769230769,0.0258161058218095
40.4423076923077,0.0258490948920297
40.4615384615385,0.0258820170240756
40.4807692307692,0.025914871289516
40.5,0.0259476567567429
40.5192307692308,0.025980372491005
40.5384615384615,0.0260130175544418
40.5576923076923,0.026045591006119
40.5769230769231,0.0260780919020634
40.5961538461538,0.0261105192952993
40.6153846153846,0.0261428722358851
40.6346153846154,0.0261751497709501
40.6538461538462,0.0262073509447328
40.6730769230769,0.0262394747986189
40.6923076923077,0.0262715203711803
40.7115384615385,0.0263034866982146
40.7307692307692,0.0263353728127853
40.75,0.0263671777452625
40.7692307692308,0.0263989005233638
40.7884615384615,0.0264305401721968
40.8076923076923,0.0264620957143011
40.8269230769231,0.0264935661696912
40.8461538461538,0.0265249505559008
40.8653846153846,0.0265562478880264
40.8846153846154,0.0265874571787725
40.9038461538462,0.0266185774384965
40.9230769230769,0.0266496076752556
40.9423076923077,0.0266805468948524
40.9615384615385,0.0267113941008829
40.9807692307692,0.0267421482947838
41,0.026772808475881
41.0192307692308,0.0268033732817667
41.0384615384615,0.0268338417086037
41.0576923076923,0.0268642127506078
41.0769230769231,0.0268944854000992
41.0961538461538,0.0269246586475538
41.1153846153846,0.0269547314816549
41.1346153846154,0.0269847028893461
41.1538461538462,0.0270145718558843
41.1730769230769,0.0270443373648937
41.1923076923077,0.0270739983984197
41.2115384615385,0.0271035539369846
41.2307692307692,0.0271330029596424
41.25,0.0271623444440355
41.2692307692308,0.0271915773664508
41.2884615384615,0.0272207007018778
41.3076923076923,0.0272497134240655
41.3269230769231,0.0272786145055819
41.3461538461538,0.0273074029178723
41.3653846153846,0.0273360776313193
41.3846153846154,0.0273646376153026
41.4038461538462,0.0273930818382602
41.4230769230769,0.0274214092677496
41.4423076923077,0.0274496188705095
41.4615384615385,0.0274777096125228
41.4807692307692,0.0275056804590788
41.5,0.0275335303748378
41.5192307692308,0.0275612583238943
41.5384615384615,0.0275888632698425
41.5576923076923,0.0276163441758411
41.5769230769231,0.0276437000046793
41.5961538461538,0.0276709297188432
41.6153846153846,0.0276980322805826
41.6346153846154,0.0277250066519785
41.6538461538462,0.0277518517950113
41.6730769230769,0.0277785666716288
41.6923076923077,0.0278051502438159
41.7115384615385,0.0278316014736637
41.7307692307692,0.02785791932344
41.75,0.0278841027556594
41.7692307692308,0.027910150733155
41.7884615384615,0.0279360622191497
41.8076923076923,0.0279618361773284
41.8269230769231,0.0279874715719108
41.8461538461538,0.0280129673677244
41.8653846153846,0.0280383225302781
41.8846153846154,0.0280635360258365
41.9038461538462,0.0280886068214943
41.9230769230769,0.0281135338852516
41.9423076923077,0.0281383161860893
41.9615384615385,0.028162952694045
41.9807692307692,0.0281874423802898
42,0.0282117842172048
42.0192307692308,0.028235976826182
42.0384615384615,0.0282600191837906
42.0576923076923,0.0282839102680601
42.0769230769231,0.0283076490585585
42.0961538461538,0.0283312345364722
42.1153846153846,0.0283546656846843
42.1346153846154,0.0283779414878557
42.1538461538462,0.0284010609325044
42.1730769230769,0.028424023007087
42.1923076923077,0.0284468267020789
42.2115384615385,0.0284694710100564
42.2307692307692,0.0284919549257785
42.25,0.0285142774462684
42.2692307692308,0.0285364375708968
42.2884615384615,0.0285584343014644
42.3076923076923,0.0285802666422849
42.3269230769231,0.028601933600269
42.3461538461538,0.0286234341850081
42.3653846153846,0.0286447674088582
42.3846153846154,0.0286659322870247
42.4038461538462,0.028686927837647
42.4230769230769,0.0287077530818837
42.4423076923077,0.0287284070439977
42.4615384615385,0.028748888751442
42.4807692307692,0.0287691972349456
42.5,0.0287893315285994
42.5192307692308,0.0288092906699429
42.5384615384615,0.0288290737000503
42.5576923076923,0.0288486796636178
42.5769230769231,0.0288681076090502
42.5961538461538,0.0288873565885487
42.6153846153846,0.0289064256581976
42.6346153846154,0.0289253138780523
42.6538461538462,0.0289440203122273
42.6730769230769,0.0289625440289835
42.6923076923077,0.0289808841008168
42.7115384615385,0.0289990396045461
42.7307692307692,0.0290170096214017
42.75,0.0290347932371137
42.7692307692308,0.0290523895420008
42.7884615384615,0.0290697976310586
42.8076923076923,0.0290870166040484
42.8269230769231,0.0291040455655864
42.8461538461538,0.0291208836252322
42.8653846153846,0.0291375298975779
42.8846153846154,0.029153983502337
42.9038461538462,0.0291702435644332
42.9230769230769,0.0291863092140897
42.9423076923077,0.0292021795869183
42.9615384615385,0.0292178538240077
42.9807692307692,0.0292333310720134
43,0.0292486104832458
43.0192307692308,0.0292636907956021
43.0384615384615,0.0292785711757561
43.0576923076923,0.0292932507963214
43.0769230769231,0.0293077288359404
43.0961538461538,0.0293220044793723
43.1153846153846,0.0293360769175812
43.1346153846154,0.0293499453478248
43.1538461538462,0.029363608973742
43.1730769230769,0.0293770670054407
43.1923076923077,0.0293903186595856
43.2115384615385,0.0294033631594858
43.2307692307692,0.0294161997351817
43.25,0.0294288276235322
43.2692307692308,0.0294412460683019
43.2884615384615,0.0294534543202471
43.3076923076923,0.0294654516372026
43.3269230769231,0.0294772372841676
43.3461538461538,0.0294888105333912
43.3653846153846,0.0295001706644585
43.3846153846154,0.0295113169643753
43.4038461538462,0.029522248727653
43.4230769230769,0.0295329652563934
43.4423076923077,0.0295434658603722
43.4615384615385,0.0295537498571239
43.4807692307692,0.0295638165720238
43.5,0.0295736653383721
43.5192307692308,0.0295832954974761
43.5384615384615,0.0295927063987322
43.5576923076923,0.0296018973997078
43.5769230769231,0.0296108678662226
43.5961538461538,0.0296196171724291
43.6153846153846,0.0296281447008933
43.6346153846154,0.029636449842674
43.6538461538462,0.0296445319974026
43.6730769230769,0.0296523905733614
43.6923076923077,0.0296600249875618
43.7115384615385,0.0296674346658225
43.7307692307692,0.0296746190428456
43.75,0.029681577562294
43.7692307692308,0.0296883096768665
43.7884615384615,0.0296948148483735
43.8076923076923,0.0297010925478112
43.8269230769231,0.0297071422554361
43.8461538461538,0.0297129634608374
43.8653846153846,0.0297185556630103
43.8846153846154,0.0297239183704276
43.9038461538462,0.029729051101111
43.9230769230769,0.0297339533827011
43.9423076923077,0.0297386247525275
43.9615384615385,0.0297430647576777
43.9807692307692,0.0297472729550651
44,0.0297512489114963
44.0192307692308,0.0297549918080627
44.0384615384615,0.0297585012352801
44.0576923076923,0.029761776793766
44.0769230769231,0.0297648180943032
44.0961538461538,0.0297676247579026
44.1153846153846,0.0297701964158654
44.1346153846154,0.0297725327098441
44.1538461538462,0.0297746332919027
44.1730769230769,0.0297764978245759
44.1923076923077,0.0297781259809274
44.2115384615385,0.0297795174446074
44.2307692307692,0.0297806719099093
44.25,0.0297815890818243
44.2692307692308,0.0297822686760968
44.2884615384615,0.0297827104192769
44.3076923076923,0.0297829140487738
44.3269230769231,0.0297828793129061
44.3461538461538,0.029782605970953
44.3653846153846,0.029782093793203
44.3846153846154,0.0297813425610025
44.4038461538462,0.0297803520668024
44.4230769230769,0.0297791221142044
44.4423076923077,0.0297776525180058
44.4615384615385,0.0297759431042432
44.4807692307692,0.0297739937102351
44.5,0.0297718041846232
44.5192307692308,0.0297693743874132
44.5384615384615,0.0297667041900129
44.5576923076923,0.0297637934752712
44.5769230769231,0.0297606421375138
44.5961538461538,0.0297572500825794
44.6153846153846,0.0297536172278537
44.6346153846154,0.0297497435023022
44.6538461538462,0.0297456288465021
44.6730769230769,0.029741273212673
44.6923076923077,0.0297366765647058
44.7115384615385,0.0297318388781908
44.7307692307692,0.0297267601404442
44.75,0.0297214403505336
44.7692307692308,0.0297158795193019
44.7884615384615,0.0297100776693901
44.8076923076923,0.0297040348352586
44.8269230769231,0.029697751063207
44.8461538461538,0.0296912264113933
44.8653846153846,0.0296844609498504
44.8846153846154,0.0296774547605029
44.9038461538462,0.0296702079371809
44.9230769230769,0.0296627205856336
44.9423076923077,0.0296549928235408
44.9615384615385,0.0296470247805235
44.9807692307692,0.0296388165981525
45,0.0296303684299562
45.0192307692308,0.0296216801207501
45.0384615384615,0.0296127518520853
45.0576923076923,0.0296035838174816
45.0769230769231,0.0295941762224296
45.0961538461538,0.0295845292843898
45.1153846153846,0.0295746432327915
45.1346153846154,0.02956451830903
45.1538461538462,0.0295541547664613
45.1730769230769,0.0295435528703971
45.1923076923077,0.0295327128980967
45.2115384615385,0.0295216351387583
45.2307692307692,0.0295103198935086
45.25,0.0294987674753908
45.2692307692308,0.029486978209351
45.2884615384615,0.0294749524322239
45.3076923076923,0.0294626904927156
45.3269230769231,0.0294501927513861
45.3461538461538,0.0294374595806296
45.3653846153846,0.0294244913646539
45.3846153846154,0.0294112884994576
45.4038461538462,0.0293978513928062
45.4230769230769,0.0293841804642065
45.4423076923077,0.0293702761448797
45.4615384615385,0.0293561388777327
45.4807692307692,0.0293417691173281
45.5,0.0293271673298527
45.5192307692308,0.0293123339930842
45.5384615384615,0.0292972695963564
45.5576923076923,0.0292819746405237
45.5769230769231,0.0292664496379226
45.5961538461538,0.029250695112333
45.6153846153846,0.0292347115989375
45.6346153846154,0.0292184996442788
45.6538461538462,0.0292020598062166
45.6730769230769,0.0291853926538816
45.6923076923077,0.0291684987676294
45.7115384615385,0.029151378738992
45.7307692307692,0.0291340331706279
45.75,0.0291164626762712
45.7692307692308,0.0290986678806788
45.7884615384615,0.0290806494195761
45.8076923076923,0.0290624079396014
45.8269230769231,0.0290439440982488
45.8461538461538,0.0290252585638093
45.8653846153846,0.0290063520153114
45.8846153846154,0.0289872251424589
45.9038461538462,0.0289678786455683
45.9230769230769,0.0289483132355044
45.9423076923077,0.0289285296336144
45.9615384615385,0.0289085285716607
45.9807692307692,0.0288883107917522
46,0.0288678770462742
46.0192307692308,0.02884722789701
46.0384615384615,0.0288263641200421
46.0576923076923,0.0288052865014965
46.0769230769231,0.0287839958374665
46.0961538461538,0.0287624929339358
46.1153846153846,0.0287407786067001
46.1346153846154,0.0287188536812866
46.1538461538462,0.0286967189928735
46.1730769230769,0.0286743753862071
46.1923076923077,0.028651823715518
46.2115384615385,0.0286290648444362
46.2307692307692,0.0286060996459049
46.25,0.0285829290020923
46.2692307692308,0.0285595538043036
46.2884615384615,0.0285359749528901
46.3076923076923,0.0285121933571586
46.3269230769231,0.0284882099352786
46.3461538461538,0.0284640256141886
46.3653846153846,0.0284396413295014
46.3846153846154,0.0284150580254081
46.4038461538462,0.028390276654581
46.4230769230769,0.0283652981780753
46.4423076923077,0.0283401235652298
46.4615384615385,0.0283147537935665
46.4807692307692,0.028289189848689
46.5,0.0282634327241799
46.5192307692308,0.0282374834214977
46.5384615384615,0.0282113429498713
46.5576923076923,0.0281850123261953
46.5769230769231,0.0281584925749227
46.5961538461538,0.028131784727958
46.6153846153846,0.028104889824548
46.6346153846154,0.028077808911173
46.6538461538462,0.028050543041436
46.6730769230769,0.0280230932759519
46.6923076923077,0.0279954606822349
46.7115384615385,0.0279676463345863
46.7307692307692,0.02793965131398
46.75,0.0279114767079484
46.7692307692308,0.0278831236104669
46.7884615384615,0.027854593121838
46.8076923076923,0.027825886348574
46.8269230769231,0.02779700440328
46.8461538461538,0.0277679484045353
46.8653846153846,0.0277387194767745
46.8846153846154,0.027709318750168
46.9038461538462,0.0276797473605016
46.9230769230769,0.027650006449056
46.9423076923077,0.0276200971624851
46.9615384615385,0.0275900206526941
46.9807692307692,0.0275597780767171
47,0
47.0192307692308,0
47.0384615384615,0
47.0576923076923,0
47.0769230769231,0
47.0961538461538,0
47.1153846153846,0
47.1346153846154,0
47.1538461538462,0
47.1730769230769,0
47.1923076923077,0
47.2115384615385,0
47.2307692307692,0
47.25,0
47.2692307692308,0
47.2884615384615,0
47.3076923076923,0
47.3269230769231,0
47.3461538461538,0
47.3653846153846,0
47.3846153846154,0
47.4038461538462,0
47.4230769230769,0
47.4423076923077,0
47.4615384615385,0
47.4807692307692,0
47.5,0
47.5192307692308,0
47.5384615384615,0
47.5576923076923,0
47.5769230769231,0
47.5961538461538,0
47.6153846153846,0
47.6346153846154,0
47.6538461538462,0
47.6730769230769,0
47.6923076923077,0
47.7115384615385,0
47.7307692307692,0
47.75,0
47.7692307692308,0
47.7884615384615,0
47.8076923076923,0
47.8269230769231,0
47.8461538461538,0
47.8653846153846,0
47.8846153846154,0
47.9038461538462,0
47.9230769230769,0
47.9423076923077,0
47.9615384615385,0
47.9807692307692,0
48,0
48.0192307692308,0
48.0384615384615,0
48.0576923076923,0
48.0769230769231,0
48.0961538461538,0
48.1153846153846,0
48.1346153846154,0
48.1538461538462,0
48.1730769230769,0
48.1923076923077,0
48.2115384615385,0
48.2307692307692,0
48.25,0
48.2692307692308,0
48.2884615384615,0
48.3076923076923,0
48.3269230769231,0
48.3461538461538,0
48.3653846153846,0
48.3846153846154,0
48.4038461538462,0
48.4230769230769,0
48.4423076923077,0
48.4615384615385,0
48.4807692307692,0
48.5,0
48.5192307692308,0
48.5384615384615,0
48.5576923076923,0
48.5769230769231,0
48.5961538461538,0
48.6153846153846,0
48.6346153846154,0
48.6538461538462,0
48.6730769230769,0
48.6923076923077,0
48.7115384615385,0
48.7307692307692,0
48.75,0
48.7692307692308,0
48.7884615384615,0
48.8076923076923,0
48.8269230769231,0
48.8461538461538,0
48.8653846153846,0
48.8846153846154,0
48.9038461538462,0
48.9230769230769,0
48.9423076923077,0
48.9615384615385,0
48.9807692307692,0
49,0
49.0192307692308,0
49.0384615384615,0
49.0576923076923,0
49.0769230769231,0
49.0961538461538,0
49.1153846153846,0
49.1346153846154,0
49.1538461538462,0
49.1730769230769,0
49.1923076923077,0
49.2115384615385,0
49.2307692307692,0
49.25,0
49.2692307692308,0
49.2884615384615,0
49.3076923076923,0
49.3269230769231,0
49.3461538461538,0
49.3653846153846,0
49.3846153846154,0
49.4038461538462,0
49.4230769230769,0
49.4423076923077,0
49.4615384615385,0
49.4807692307692,0
49.5,0
49.5192307692308,0
49.5384615384615,0
49.5576923076923,0
49.5769230769231,0
49.5961538461538,0
49.6153846153846,0
49.6346153846154,0
49.6538461538462,0
49.6730769230769,0
49.6923076923077,0
49.7115384615385,0
49.7307692307692,0
49.75,0
49.7692307692308,0
49.7884615384615,0
49.8076923076923,0
49.8269230769231,0
49.8461538461538,0
49.8653846153846,0
49.8846153846154,0
49.9038461538462,0
49.9230769230769,0
49.9423076923077,0
49.9615384615385,0
49.9807692307692,0
