"time","cashflow"
0,0
0.0192307692307692,0
0.0384615384615385,0
0.0576923076923077,0
0.0769230769230769,0
0.0961538461538462,0
0.115384615384615,0
0.134615384615385,0
0.153846153846154,0
0.173076923076923,0
0.192307692307692,0
0.211538461538462,0
0.230769230769231,0
0.25,0
0.269230769230769,0
0.288461538461538,0
0.307692307692308,0.00000541327355273942
0.326923076923077,0.0000107146968755136
0.346153846153846,0.0000159073164112721
0.365384615384615,0.0000209940820744677
0.384615384615385,0.0000259778508678289
0.403846153846154,0.0000308613903411309
0.423076923076923,0.0000356473818998707
0.442307692307692,0.0000403384239713067
0.461538461538462,0.0000449370350349043
0.480769230769231,0.0000494456565238422
0.5,0.0000548434732700737
0.519230769230769,0.0000591686820460784
0.538461538461539,0.0000634110583922695
0.557692307692308,0.0000675727537067027
0.576923076923077,0.0000716558554270154
0.596153846153846,0.0000756623892475306
0.615384615384615,0.0000795943212628464
0.634615384615385,0.0000834535600248009
0.653846153846154,0.0000872562909633063
0.673076923076923,0.0000909894440622844
0.692307692307692,0.0000946547897579814
0.711538461538462,0.0000996824332368479
0.730769230769231,0.000103204750669259
0.75,0.000106664567764968
0.769230769230769,0.000110063451678728
0.788461538461539,0.000113402925213744
0.807692307692308,0.000116684468336381
0.826923076923077,0.000119909519494945
0.846153846153846,0.000123079477026029
0.865384615384615,0.000126195700460981
0.884615384615385,0.00012925951178286
0.903846153846154,0.000132272196636063
0.923076923076923,0.000135235005490649
0.942307692307692,0.000138149154703348
0.961538461538462,0.000141015827720804
0.980769230769231,0.000143836176055396
1,0.000146611320287005
1.01923076923077,0.000149342431028778
1.03846153846154,0.000152030487463038
1.05769230769231,0.000154676523111288
1.07692307692308,0.000157281544216603
1.09615384615385,0.000159846530577902
1.11538461538462,0.000162372436354724
1.13461538461538,0.000164860190843678
1.15384615384615,0.000167310699227741
1.17307692307692,0.000169724843299467
1.19230769230769,0.000172103482159177
1.21153846153846,0.000174447452889103
1.23076923076923,0.000176757571204451
1.25,0.00017903463208228
1.26923076923077,0.000181279410369069
1.28846153846154,0.000183492659545283
1.30769230769231,0.000185675115981147
1.32692307692308,0.00018782749761826
1.34615384615385,0.000189950504499571
1.36538461538462,0.000192044819282156
1.38461538461538,0.000194111107733135
1.40384615384615,0.000196150019209375
1.42307692307692,0.000198162187121577
1.44230769230769,0.000200148229383337
1.46153846153846,0.000202108748845731
1.48076923076923,0.000204044333717962
1.5,0.000205955557974584
1.51923076923077,0.000207842981749789
1.53846153846154,0.000209707151719219
1.55769230769231,0.00021156591454036
1.57692307692308,0.000213402042609302
1.59615384615385,0.000215216057456947
1.61538461538462,0.000217008468110226
1.63461538461538,0.000218779771436127
1.65384615384615,0.0002205304524749
1.67307692307692,0.000222260984762829
1.69230769230769,0.000223971830644949
1.71153846153846,0.000225663441578064
1.73076923076923,0.000227336258424412
1.75,0.000228990711736304
1.76923076923077,0.000230627222032066
1.78846153846154,0.000232246200063571
1.80769230769231,0.000233863716417195
1.82692307692308,0.000235464118091277
1.84615384615385,0.000237047798743784
1.86538461538462,0.000238615142956322
1.88461538461538,0.000240166526420015
1.90384615384615,0.00024170231617151
1.92307692307692,0.000243222870821861
1.94230769230769,0.000244728540778518
1.96153846153846,0.000246219668460684
1.98076923076923,0.000247696588508238
2,0.000249159627984472
2.01923076923077,0.000250609106572833
2.03846153846154,0.00025204531691573
2.05769230769231,0.00025346852144035
2.07692307692308,0.000254878969266107
2.09615384615385,0.000256276859046145
2.11538461538462,0.00025766239588187
2.13461538461538,0.000259035788299945
2.15384615384615,0.000260397262541521
2.17307692307692,0.000261744464033894
2.19230769230769,0.000263077558834041
2.21153846153846,0.000264399403444631
2.23076923076923,0.000265710152944161
2.25,0.00026701019173923
2.26923076923077,0.000268296890094627
2.28846153846154,0.000269569832739478
2.30769230769231,0.000270832148481255
2.32692307692308,0.000272084614549213
2.34615384615385,0.000273327384529578
2.36538461538462,0.000274560641537983
2.38461538461538,0.000275784487108214
2.40384615384615,0.000276999121622732
2.42307692307692,0.000278204707832967
2.44230769230769,0.000279401428332674
2.46153846153846,0.000280589353230323
2.48076923076923,0.000281768685003459
2.5,0.000282939615787075
2.51923076923077,0.000284102292558292
2.53846153846154,0.000285256877254276
2.55769230769231,0.000286403462882825
2.57692307692308,0.000287542251878177
2.59615384615385,0.000288673322683753
2.61538461538462,0.000289796880594825
2.63461538461538,0.000290913052655077
2.65384615384615,0.000292021975240901
2.67307692307692,0.000293123782748896
2.69230769230769,0.000294218607629396
2.71153846153846,0.000295306580419754
2.73076923076923,0.000296387827160792
2.75,0.000297462487503847
2.76923076923077,0.000298530675793021
2.78846153846154,0.000299592515248013
2.80769230769231,0.000300648127332302
2.82692307692308,0.000301697631782905
2.84615384615385,0.000302741157282571
2.86538461538462,0.000303778819886866
2.88461538461538,0.00030481072345677
2.90384615384615,0.000305836991106218
2.92307692307692,0.000306857734079382
2.94230769230769,0.000307873052164567
2.96153846153846,0.000308883053833544
2.98076923076923,0.000309887846050822
3,0.000310887544386939
3.01923076923077,0.000311882252564552
3.03846153846154,0.00031287206286947
3.05769230769231,0.000313857076501518
3.07692307692308,0.000314837415128948
3.09615384615385,0.000315813155098739
3.11538461538462,0.000316784414148565
3.13461538461538,0.000317751265025439
3.15384615384615,0.000318713792494756
3.17307692307692,0.000319672101640704
3.19230769230769,0.00032062628445632
3.21153846153846,0.000321576431703642
3.23076923076923,0.00032252262213272
3.25,0.000323464955031205
3.26923076923077,0.000324403517588519
3.28846153846154,0.000325338384720706
3.30769230769231,0.000326269652527424
3.32692307692308,0.000327197404802199
3.34615384615385,0.000328121734048562
3.36538461538462,0.000329042711975643
3.38461538461539,0.000329960419150386
3.40384615384615,0.000330874924491175
3.42307692307692,0.000331786317233213
3.44230769230769,0.000332694666095199
3.46153846153846,0.000333600056455721
3.48076923076923,0.000334502563846826
3.5,0.000335402245291622
3.51923076923077,0.000336299209416774
3.53846153846154,0.000337193511493761
3.55769230769231,0.000338085223321851
3.57692307692308,0.000338974415805535
3.59615384615385,0.00033986114925802
3.61538461538462,0.000340745485902495
3.63461538461539,0.000341627510984747
3.65384615384615,0.000342507291972133
3.67307692307692,0.000343384886223752
3.69230769230769,0.00034426036896513
3.71153846153846,0.000345133795532423
3.73076923076923,0.000346005232217398
3.75,0.000346874750363208
3.76923076923077,0.000347742404367635
3.78846153846154,0.000348608264630886
3.80769230769231,0.000349472392400703
3.82692307692308,0.00035033484820491
3.84615384615385,0.000351195691863304
3.86538461538462,0.000352054982499383
3.88461538461539,0.000352912778551911
3.90384615384615,0.000353769137786265
3.92307692307692,0.000354624117305541
3.94230769230769,0.000355477773561576
3.96153846153846,0.00035633015567649
3.98076923076923,0.000357181325589766
4,0.000358031337862767
4.01923076923077,0.000358880246447778
4.03846153846154,0.000359728104698112
4.05769230769231,0.000360574965378109
4.07692307692308,0.000361420880672887
4.09615384615385,0.000362265902197999
4.11538461538462,0.000363110081008911
4.13461538461539,0.000363953467610332
4.15384615384615,0.000364796111965389
4.17307692307692,0.00036563806350466
4.19230769230769,0.000366479371135057
4.21153846153846,0.000367320083248573
4.23076923076923,0.000368160247730886
4.25,0.000368999911969841
4.26923076923077,0.000369839122863755
4.28846153846154,0.000370677921505196
4.30769230769231,0.000371516364794168
4.32692307692308,0.000372354487035666
4.34615384615385,0.000373192339329168
4.36538461538462,0.000374029966239543
4.38461538461539,0.00037486741188963
4.40384615384615,0.000375704719967689
4.42307692307692,0.000376541933734732
4.44230769230769,0.000377379096031745
4.46153846153846,0.000378216249286786
4.48076923076923,0.000379053435381825
4.5,0.000379890696081723
4.51923076923077,0.000380190601906234
4.53846153846154,0.000381028828746832
4.55769230769231,0.000381867236599526
4.57692307692308,0.000382705876170114
4.59615384615385,0.000383544763919304
4.61538461538462,0.000384383958236846
4.63461538461539,0.000385223508212313
4.65384615384615,0.000386063447101831
4.67307692307692,0.000386903810701947
4.69230769230769,0.000387744628395697
4.71153846153846,0.000388585944463719
4.73076923076923,0.000389427803131569
4.75,0.000390270239415502
4.76923076923077,0.000391113276516976
4.78846153846154,0.00039195695980441
4.80769230769231,0.000392804640850366
4.82692307692308,0.00039365300702442
4.84615384615385,0.000394502105076352
4.86538461538462,0.000395351969368513
4.88461538461539,0.000396202630948859
4.90384615384615,0.000397054120511799
4.92307692307692,0.00039790647724727
4.94230769230769,0.000398759735665858
4.96153846153846,0.000399613917802538
4.98076923076923,0.000400469069525384
5,0.000401325215322797
5.01923076923077,0.000402182398444732
5.03846153846154,0.000403040376072458
5.05769230769231,0.00040389892106966
5.07692307692308,0.000404757222261665
5.09615384615385,0.000405614241417845
5.11538461538462,0.000406470275109046
5.13461538461539,0.000407326409545239
5.15384615384615,0.000408182666916444
5.17307692307692,0.000408982734996986
5.19230769230769,0.000409782424050404
5.21153846153846,0.000410637596222251
5.23076923076923,0.000411492525424922
5.25,0.000412346984695619
5.26923076923077,0.000413142467364658
5.28846153846154,0.000413924346142092
5.30769230769231,0.000414763546693736
5.32692307692308,0.000415616534537386
5.34615384615385,0.000416469846546921
5.36538461538462,0.0004173227901153
5.38461538461539,0.000418175990670128
5.40384615384615,0.000419029064866458
5.42307692307692,0.000419882630045451
5.44230769230769,0.000420736133956231
5.46153846153846,0.000421590092174205
5.48076923076923,0.000422445061415528
5.5,0.000423300249794049
5.51923076923077,0.000424156553017667
5.53846153846154,0.000425013673403703
5.55769230769231,0.000425870951656889
5.57692307692308,0.000426729011756216
5.59615384615385,0.000427587649017676
5.61538461538462,0.000428446561822217
5.63461538461539,0.00042930614479089
5.65384615384615,0.000430166695770074
5.67307692307692,0.000431028058898247
5.69230769230769,0.000431890079736003
5.71153846153846,0.000432641659640049
5.73076923076923,0.00043339428325417
5.75,0.000434257528486274
5.76923076923077,0.000435121579848104
5.78846153846154,0.000435986680521664
5.80769230769231,0.000436852675661546
5.82692307692308,0.000437719963130902
5.84615384615385,0.000438588308143894
5.86538461538462,0.000439457341151431
5.88461538461539,0.000440327549285018
5.90384615384615,0.000441199537801017
5.92307692307692,0.000442073151928052
5.94230769230769,0.000442948071698455
5.96153846153846,0.00044382402640365
5.98076923076923,0.000444701371668606
6,0.000445580507212578
6.01923076923077,0.000446460946816794
6.03846153846154,0.000447342526621358
6.05769230769231,0.000448225634988015
6.07692307692308,0.000449110463421447
6.09615384615385,0.000449997189449607
6.11538461538462,0.000450885117661845
6.13461538461539,0.000451774261680997
6.15384615384615,0.000452665364409257
6.17307692307692,0.000453558489154514
6.19230769230769,0.000454453518598489
6.21153846153846,0.000455350629598125
6.23076923076923,0.00045624926775193
6.25,0.000457149470954651
6.26923076923077,0.000458051707639142
6.28846153846154,0.000458955998042668
6.30769230769231,0.000460555833027137
6.32692307692308,0.000461462647105728
6.34615384615385,0.000462371475516441
6.36538461538462,0.000463282349287102
6.38461538461539,0.000464195574523315
6.40384615384615,0.00046511104902727
6.42307692307692,0.000466028390939955
6.44230769230769,0.000466947762478868
6.46153846153846,0.000467869332802836
6.48076923076923,0.000468793132301422
6.5,0.000469719191265354
6.51923076923077,0.000470647539890661
6.53846153846154,0.00047157820827929
6.55769230769231,0.000472511088232705
6.57692307692308,0.000473446347118391
6.59615384615385,0.000474384151580296
6.61538461538462,0.000475324395341313
6.63461538461539,0.000476267108063668
6.65384615384615,0.000477212067106425
6.67307692307692,0.000478159552770128
6.69230769230769,0.000479109978910582
6.71153846153846,0.000480062992676161
6.73076923076923,0.000481018489938266
6.75,0.000481976632510334
6.76923076923077,0.000482937449523291
6.78846153846154,0.000483901097252184
6.80769230769231,0.000484867729730625
6.82692307692308,0.000485837000088991
6.84615384615385,0.000486808813414888
6.86538461538462,0.000487783445770641
6.88461538461539,0.000488760925902961
6.90384615384615,0.000489741282500729
6.92307692307692,0.000490724544196247
6.94230769230769,0.000491710739567527
6.96153846153846,0.000492699773209629
6.98076923076923,0.000493691674136888
7,0.000494686711069392
7.01923076923077,0.000495684916128867
7.03846153846154,0.000496686197069106
7.05769230769231,0.000497690701454086
7.07692307692308,0.000498698339044527
7.09615384615385,0.000499709020002504
7.11538461538462,0.000500722889670935
7.13461538461539,0.000501739976160553
7.15384615384615,0.000502760307542558
7.17307692307692,0.00050378402609609
7.19230769230769,0.000504811046397007
7.21153846153846,0.000505841394258206
7.23076923076923,0.000506875099758326
7.25,0.000507912081099512
7.26923076923077,0.000508952474972884
7.28846153846154,0.000509996419496542
7.30769230769231,0.000511043834107408
7.32692307692308,0.000512094638561132
7.34615384615385,0.000513148861408491
7.36538461538462,0.000514206635923893
7.38461538461539,0.000515268095019578
7.40384615384615,0.000516333161996126
7.42307692307692,0.000517401864509221
7.44230769230769,0.000518474335434441
7.46153846153846,0.000519550497973665
7.48076923076923,0.000520630378387177
7.5,0.000521714005583004
7.51923076923077,0.000522801305499637
7.53846153846154,0.000523892406450801
7.55769230769231,0.000524987335972056
7.57692307692308,0.000526086121585454
7.59615384615385,0.000527188790801151
7.61538461538462,0.000528295371118361
7.63461538461539,0.000529405890025966
7.65384615384615,0.000530520375003132
7.67307692307692,0.000531638853520216
7.69230769230769,0.000532761353040299
7.71153846153846,0.000533887901019757
7.73076923076923,0.000535018524908807
7.75,0.000536153252153005
7.76923076923077,0.000537292110193773
7.78846153846154,0.000538435126469225
7.80769230769231,0.000539582328415305
7.82692307692308,0.000540733743465968
7.84615384615385,0.000541889399054288
7.86538461538462,0.000543049417509567
7.88461538461539,0.000544213732161259
7.90384615384615,0.000545382276632484
7.92307692307692,0.000546555171356367
7.94230769230769,0.000547732443773311
7.96153846153846,0.000548914121327343
7.98076923076923,0.00055010023146683
8,0.000551290801645179
8.01923076923077,0.00055248585932152
8.03846153846154,0.00055368543196139
8.05769230769231,0.000554889547037385
8.07692307692308,0.000556098232029814
8.09615384615385,0.000557311514427344
8.11538461538461,0.000558529421727634
8.13461538461539,0.000559751981437958
8.15384615384616,0.00056097922107551
8.17307692307692,0.000562211168168624
8.19230769230769,0.000563447850257361
8.21153846153846,0.000564689294893486
8.23076923076923,0.000565935529641338
8.25,0.0005671865820784
8.26923076923077,0.000567652676487229
8.28846153846154,0.000568914517610466
8.30769230769231,0.000570181256734345
8.32692307692308,0.00057145292150373
8.34615384615385,0.000572729539579424
8.36538461538461,0.000574011138638667
8.38461538461539,0.000575297746375623
8.40384615384616,0.000576589390501865
8.42307692307692,0.000577886098746846
8.44230769230769,0.000579187898858359
8.46153846153846,0.000580494818602992
8.48076923076923,0.000581806885766576
8.5,0.000583124128154618
8.51923076923077,0.00058444657359273
8.53846153846154,0.000585774249927045
8.55769230769231,0.000587107185024635
8.57692307692308,0.000588445406770668
8.59615384615385,0.000589788943075302
8.61538461538462,0.000591137821870812
8.63461538461539,0.000592492071111958
8.65384615384616,0.000593851718776363
8.67307692307692,0.000595216792864869
8.69230769230769,0.000596587321401889
8.71153846153846,0.000597963332435753
8.73076923076923,0.000599344854039042
8.75,0.000600731914308917
8.76923076923077,0.000602124541367442
8.78846153846154,0.000603522763361893
8.80769230769231,0.000604926608465063
8.82692307692308,0.000606336104875561
8.84615384615385,0.000607751280818099
8.86538461538462,0.000609172164543776
8.88461538461539,0.00061059878433035
8.90384615384616,0.000611467929415385
8.92307692307692,0.000612906826128744
8.94230769230769,0.000614351541717727
8.96153846153846,0.000615802104577605
8.98076923076923,0.000617258543131529
9,0.000618720885830758
9.01923076923077,0.000620189161154885
9.03846153846154,0.00062166339761201
9.05769230769231,0.000623143623738942
9.07692307692308,0.000624629868101433
9.09615384615385,0.000626122159294374
9.11538461538462,0.000627620525941978
9.13461538461539,0.000629124996697965
9.15384615384616,0.000630635600245731
9.17307692307692,0.000632152372244644
9.19230769230769,0.000633675334425377
9.21153846153846,0.000635204515559695
9.23076923076923,0.000636739944452057
9.25,0.000638281649937351
9.26923076923077,0.000639829660881026
9.28846153846154,0.000641384006910757
9.30769230769231,0.000642944716950866
9.32692307692308,0.000644511819956754
9.34615384615385,0.00064608534491501
9.36538461538462,0.000647665320843501
9.38461538461539,0.000649251776791459
9.40384615384616,0.000650844741839568
9.42307692307692,0.000652444245100036
9.44230769230769,0.000654050315716666
9.46153846153846,0.000655662982864896
9.48076923076923,0.000657282275751903
9.5,0.000658908223616629
9.51923076923077,0.000660540855729828
9.53846153846154,0.000662180201394102
9.55769230769231,0.000663826289943934
9.57692307692308,0.000665479150745717
9.59615384615385,0.000667138813197769
9.61538461538462,0.000668805306730351
9.63461538461539,0.000670478660805676
9.65384615384616,0.000672158904917906
9.67307692307692,0.000673846068593154
9.69230769230769,0.00067554018138947
9.71153846153846,0.000677241272896828
9.73076923076923,0.000678949372737101
9.75,0.000680664510564038
9.76923076923077,0.000682386716063226
9.78846153846154,0.000684116018952056
9.80769230769231,0.000685852448979671
9.82692307692308,0.000687596035926922
9.84615384615385,0.000689346809606309
9.86538461538462,0.000691104799861916
9.88461538461539,0.000692870036569348
9.90384615384616,0.000694642549635655
9.92307692307692,0.00069642236899925
9.94230769230769,0.000698209524629827
9.96153846153846,0.000700004046528273
9.98076923076923,0.000701805964726563
10,0.000703615309287668
10.0192307692308,0.000705432110305443
10.0384615384615,0.000707256397904468
10.0576923076923,0.000709088202239932
10.0769230769231,0.000710927553497539
10.0961538461538,0.000712774481893387
10.1153846153846,0.000714629017673828
10.1346153846154,0.000716491191115331
10.1538461538462,0.000718361032524335
10.1730769230769,0.0007202385722371
10.1923076923077,0.000722123764346402
10.2115384615385,0.000724016713990806
10.2307692307692,0.000725917526572639
10.25,0.000727826159135429
10.2692307692308,0.000729742642161717
10.2884615384615,0.000731667006403897
10.3076923076923,0.000733599282401239
10.3269230769231,0.000735539500721482
10.3461538461538,0.00073748769196065
10.3653846153846,0.000739443886742851
10.3846153846154,0.000741408115720062
10.4038461538462,0.000743380409571907
10.4230769230769,0.000745360799005448
10.4423076923077,0.000747349314754951
10.4615384615385,0.000749345987581659
10.4807692307692,0.000751350848273967
10.5,0.00075336392764637
10.5192307692308,0.000755385256539221
10.5384615384615,0.000757414865819282
10.5576923076923,0.000759452786379068
10.5769230769231,0.000761499049136594
10.5961538461538,0.000763553685035104
10.6153846153846,0.000765616725042809
10.6346153846154,0.000767688200152607
10.6538461538462,0.000769768141381811
10.6730769230769,0.000771856579771859
10.6923076923077,0.000773953546388032
10.7115384615385,0.000776059072319158
10.7307692307692,0.000778173188677317
10.75,0.000780295926597525
10.7692307692308,0.000782427317237433
10.7884615384615,0.000784567391777029
10.8076923076923,0.000786716181418329
10.8269230769231,0.000788873717385041
10.8461538461538,0.000791040030922242
10.8653846153846,0.00079321515329605
10.8846153846154,0.000795399115793289
10.9038461538462,0.000797591949721148
10.9230769230769,0.000799793686406841
10.9423076923077,0.000802004357197259
10.9615384615385,0.000804223993458618
10.9807692307692,0.000806452626576099
11,0.000808690287953494
11.0192307692308,0.000810937009012836
11.0384615384615,0.00081319282119399
11.0576923076923,0.000815457755954278
11.0769230769231,0.000817731844768136
11.0961538461538,0.000820015119126725
11.1153846153846,0.000822307610537553
11.1346153846154,0.00082460935052408
11.1538461538462,0.000826920370625323
11.1730769230769,0.000829240702395462
11.1923076923077,0.000831570377403428
11.2115384615385,0.000833909427232506
11.2307692307692,0.000836257883479918
11.25,0.000838615777756407
11.2692307692308,0.00084098314168582
11.2884615384615,0.000843360006490943
11.3076923076923,0.000845746403821568
11.3269230769231,0.000848142365339224
11.3461538461538,0.000850547922716753
11.3653846153846,0.000852963107637863
11.3846153846154,0.000855387951796694
11.4038461538462,0.000857822486897369
11.4230769230769,0.000860266744653546
11.4423076923077,0.000862720756787967
11.4615384615385,0.000865184555032
11.4807692307692,0.000867658171125181
11.5,0.000870141636814745
11.5192307692308,0.000872634983855162
11.5384615384615,0.000875138244007665
11.5576923076923,0.000877651449039775
11.5769230769231,0.000880174630724819
11.5961538461538,0.000882707820841452
11.6153846153846,0.000885251051173169
11.6346153846154,0.000887804353507812
11.6538461538462,0.000890367759637084
11.6730769230769,0.000892941301356046
11.6923076923077,0.000895525010462617
11.7115384615385,0.000898118918757076
11.7307692307692,0.000900723058041549
11.75,0.0009033374601195
11.7692307692308,0.000905962156795222
11.7884615384615,0.000908597179873312
11.8076923076923,0.000911242561158156
11.8269230769231,0.000913898332453404
11.8461538461538,0.000916564525561446
11.8653846153846,0.000919241172282875
11.8846153846154,0.00092192830441596
11.9038461538462,0.00092462595375611
11.9230769230769,0.000927334152095329
11.9423076923077,0.00093005293122168
11.9615384615385,0.000932782322918735
11.9807692307692,0.00093552235896503
12,0.000938273071133512
12.0192307692308,0.000941034491190985
12.0384615384615,0.000943806650897531
12.0576923076923,0.000946589582005956
12.0769230769231,0.000949383316261237
12.0961538461538,0.00095218788539996
12.1153846153846,0.000955003321149748
12.1346153846154,0.000957829655228696
12.1538461538462,0.000960666919344791
12.1730769230769,0.00096351514519534
12.1923076923077,0.000966374364466388
12.2115384615385,0.000969244608832141
12.2307692307692,0.000972125909954377
12.25,0.000975018299481862
12.2692307692308,0.000977921809049762
12.2884615384615,0.000980836469759158
12.3076923076923,0.000983762313217379
12.3269230769231,0.000986699371016274
12.3461538461538,0.000989647674731619
12.3653846153846,0.00099260725592252
12.3846153846154,0.000995578146130806
12.4038461538462,0.000998560376880435
12.4230769230769,0.00100155397967688
12.4423076923077,0.00100455898600653
12.4615384615385,0.00100757542733606
12.4807692307692,0.00101060333511187
12.5,0.00101364274075941
12.5192307692308,0.0010166936756826
12.5384615384615,0.00101975617126319
12.5576923076923,0.00102283025886017
12.5769230769231,0.00102591596980914
12.5961538461538,0.00102901333542164
12.6153846153846,0.00103212238698462
12.6346153846154,0.0010352431557597
12.6538461538462,0.00103837567298264
12.6730769230769,0.00104151996986264
12.6923076923077,0.00104467607758174
12.7115384615385,0.00104784402729419
12.7307692307692,0.0010510238501258
12.75,0.0010542155771733
12.7692307692308,0.00105741923950372
12.7884615384615,0.00106063486815373
12.8076923076923,0.00106386249412901
12.8269230769231,0.00106710214840361
12.8461538461538,0.00107035386191929
12.8653846153846,0.00107361766558491
12.8846153846154,0.00107689359027573
12.9038461538462,0.00108018166683279
12.9230769230769,0.00108348192606229
12.9423076923077,0.00108679439873489
12.9615384615385,0.00109011911558507
12.9807692307692,0.00109345610731052
13,0.00109680540449357
13.0192307692308,0.00110016703783456
13.0384615384615,0.00110354103791675
13.0576923076923,0.00110692743528398
13.0769230769231,0.00111032626043998
13.0961538461538,0.00111373754384773
13.1153846153846,0.00111716131592882
13.1346153846154,0.00112059760706275
13.1538461538462,0.00112404644758629
13.1730769230769,0.00112750786779284
13.1923076923077,0.00113098189793173
13.2115384615385,0.00113446856820759
13.2307692307692,0.00113796790877967
13.25,0.00114147994976119
13.2692307692308,0.00114500472121866
13.2884615384615,0.00114854225243454
13.3076923076923,0.00115209257338151
13.3269230769231,0.00115565571398344
13.3461538461538,0.00115923170411473
13.3653846153846,0.00116282057359965
13.3846153846154,0.00116642235221165
13.4038461538462,0.00117003706967274
13.4230769230769,0.00117366475565281
13.4423076923077,0.00117730543976896
13.4615384615385,0.00118095915158487
13.4807692307692,0.00118462592061008
13.5,0.00118830577629941
13.5192307692308,0.00119199874805223
13.5384615384615,0.00119570486521183
13.5576923076923,0.00119942415706475
13.5769230769231,0.00120315665284015
13.5961538461538,0.00120690238170908
13.6153846153846,0.00121066137278392
13.6346153846154,0.00121443365511762
13.6538461538462,0.00121821925770311
13.6730769230769,0.00122201820947262
13.6923076923077,0.00122583053929702
13.7115384615385,0.00122965627598517
13.7307692307692,0.00123349544828324
13.75,0.0012373480848741
13.7692307692308,0.00124121421437664
13.7884615384615,0.00124509386534509
13.8076923076923,0.00124898706626841
13.8269230769231,0.00125289384556961
13.8461538461538,0.00125681423160514
13.8653846153846,0.00126074825266418
13.8846153846154,0.00126469593696801
13.9038461538462,0.00126865731266941
13.9230769230769,0.00127263240785195
13.9423076923077,0.00127662125052938
13.9615384615385,0.00128062386864496
13.9807692307692,0.00128464029007086
14,0.00128867054260746
14.0192307692308,0.00129271465398276
14.0384615384615,0.00129677265185174
14.0576923076923,0.00130084456379569
14.0769230769231,0.00130493041732163
14.0961538461538,0.00130903023986161
14.1153846153846,0.00131314405877212
14.1346153846154,0.00131727190133344
14.1538461538462,0.00132141379474902
14.1730769230769,0.00132556976614484
14.1923076923077,0.00132973984256881
14.2115384615385,0.0013339240509901
14.2307692307692,0.00133812241829857
14.25,0.00134233497130412
14.2692307692308,0.00134656173673607
14.2884615384615,0.00135080273949958
14.3076923076923,0.00135505800616475
14.3269230769231,0.00135932756321898
14.3461538461538,0.00136361143706635
14.3653846153846,0.00136790965402706
14.3846153846154,0.00137222224033681
14.4038461538462,0.0013765492221462
14.4230769230769,0.00138089062552014
14.4423076923077,0.00138524647643727
14.4615384615385,0.00138961680078936
14.4807692307692,0.00139400162438072
14.5,0.00139840097292764
14.5192307692308,0.00140281487205776
14.5384615384615,0.00140724334730955
14.5576923076923,0.00141168642413169
14.5769230769231,0.0014161441278825
14.5961538461538,0.0014206164838294
14.6153846153846,0.00142510351714829
14.6346153846154,0.00142960525292303
14.6538461538462,0.00143412171614486
14.6730769230769,0.00143865293171184
14.6923076923077,0.00144319892442826
14.7115384615385,0.00144775971900415
14.7307692307692,0.00145233534005468
14.75,0.00145692581209962
14.7692307692308,0.0014615311595628
14.7884615384615,0.00146615140677157
14.8076923076923,0.00147078657795625
14.8269230769231,0.00147543669724959
14.8461538461538,0.00148010178868628
14.8653846153846,0.00148478187620233
14.8846153846154,0.00148947698363466
14.9038461538462,0.00149418713472047
14.9230769230769,0.0014989123530968
14.9423076923077,0.00150365266229994
14.9615384615385,0.001508408085765
14.9807692307692,0.00151317864682534
15,0.00151796436871208
15.0192307692308,0.00152276527455361
15.0384615384615,0.00152758138737508
15.0576923076923,0.00153241273009794
15.0769230769231,0.00153725932553942
15.0961538461538,0.00154212119641204
15.1153846153846,0.00154699836532315
15.1346153846154,0.00155189085477443
15.1538461538462,0.00155679868716142
15.1730769230769,0.00156172188477306
15.1923076923077,0.0015666604697912
15.2115384615385,0.00157161446429017
15.2307692307692,0.00157658389023628
15.25,0.00158156876948741
15.2692307692308,0.00158656912379252
15.2884615384615,0.00159158497242673
15.3076923076923,0.00159661633692527
15.3269230769231,0.0016016632387128
15.3461538461538,0.00160672569910296
15.3653846153846,0.00161180373929793
15.3846153846154,0.00161689738038806
15.4038461538462,0.00162200664335142
15.4230769230769,0.00162713154905343
15.4423076923077,0.00163227211824642
15.4615384615385,0.00163742837156925
15.4807692307692,0.00164260032954693
15.5,0.00164778801259021
15.5192307692308,0.00165299144099522
15.5384615384615,0.00165821063494304
15.5576923076923,0.00166344561449938
15.5769230769231,0.0016686963996142
15.5961538461538,0.0016739630101213
15.6153846153846,0.001679245465738
15.6346153846154,0.00168454378606479
15.6538461538462,0.00168985799058494
15.6730769230769,0.00169518809866418
15.6923076923077,0.00170053412955034
15.7115384615385,0.00170589610237304
15.7307692307692,0.00171127403614332
15.75,0.00171666794975334
15.7692307692308,0.00172207786197607
15.7884615384615,0.00172750379146491
15.8076923076923,0.00173294575675345
15.8269230769231,0.00173840377625512
15.8461538461538,0.00174387786826289
15.8653846153846,0.00174936805094899
15.8846153846154,0.00175487434236462
15.9038461538462,0.00176039676043962
15.9230769230769,0.00176593532298226
15.9423076923077,0.00177149004767888
15.9615384615385,0.00177706095209369
15.9807692307692,0.00178264805366848
16,0.00178825136972234
16.0192307692308,0.00179387091745143
16.0384615384615,0.00179950671392871
16.0576923076923,0.00180515877610373
16.0769230769231,0.00181082712080236
16.0961538461538,0.0018165117647266
16.1153846153846,0.00182221272445435
16.1346153846154,0.00182793001643914
16.1538461538462,0.00183366365700998
16.1730769230769,0.00183941366237111
16.1923076923077,0.0018451800486018
16.2115384615385,0.00185096283165614
16.2307692307692,0.00185676202736288
16.25,0.00186257765142521
16.2692307692308,0.0018684097194206
16.2884615384615,0.00187425824423865
16.3076923076923,0.00188012324121122
16.3269230769231,0.00188600472554357
16.3461538461538,0.00189190271231414
16.3653846153846,0.0018978172164745
16.3846153846154,0.00190374825284915
16.4038461538462,0.0019096958361354
16.4230769230769,0.00191565998090326
16.4423076923077,0.00192164070159531
16.4615384615385,0.00192763801252659
16.4807692307692,0.0019336519278845
16.5,0.00193968246172864
16.5192307692308,0.00194572962799081
16.5384615384615,0.00195179344047484
16.5576923076923,0.00195787391285653
16.5769230769231,0.00196397105868358
16.5961538461538,0.0019700848913755
16.6153846153846,0.00197621542422355
16.6346153846154,0.00198236267039068
16.6538461538462,0.00198852664291146
16.6730769230769,0.00199470735469206
16.6923076923077,0.00200090481851018
16.7115384615385,0.00200711904701502
16.7307692307692,0.00201335005272722
16.75,0.0020195978480389
16.7692307692308,0.00202586244521358
16.7884615384615,0.0020321438563862
16.8076923076923,0.00203844209356307
16.8269230769231,0.00204475716862194
16.8461538461538,0.00205108909331193
16.8653846153846,0.00205743787925359
16.8846153846154,0.00206380353793889
16.9038461538462,0.00207018608073125
16.9230769230769,0.00207658551886559
16.9423076923077,0.00208300186344834
16.9615384615385,0.00208943512545747
16.9807692307692,0.00209588531574259
17,0.00210235244502495
17.0192307692308,0.00210883652389753
17.0384615384615,0.00211533756282508
17.0576923076923,0.00212185557214422
17.0769230769231,0.00212839056206352
17.0961538461538,0.00213494254266362
17.1153846153846,0.00214151152389728
17.1346153846154,0.00214809751558952
17.1538461538462,0.00215470052743768
17.1730769230769,0.00216132056901158
17.1923076923077,0.00216795764975358
17.2115384615385,0.00217461177897875
17.2307692307692,0.00218128296587498
17.25,0.00218797121950311
17.2692307692308,0.00219467654879708
17.2884615384615,0.00220139895907695
17.3076923076923,0.00220813845903281
17.3269230769231,0.00221489505722784
17.3461538461538,0.00222166876209847
17.3653846153846,0.00222845958195454
17.3846153846154,0.00223526752497953
17.4038461538462,0.00224209259923074
17.4230769230769,0.00224893481263951
17.4423076923077,0.00225579417301141
17.4615384615385,0.00226267068802646
17.4807692307692,0.00226956436523936
17.5,0.00227647521207973
17.5192307692308,0.00228340323585233
17.5384615384615,0.00229034844373728
17.5576923076923,0.00229731084279036
17.5769230769231,0.0023042904399432
17.5961538461538,0.00231128724200358
17.6153846153846,0.0023183012556557
17.6346153846154,0.00232533248746041
17.6538461538462,0.00233238094385553
17.6730769230769,0.00233944663115608
17.6923076923077,0.00234652955555465
17.7115384615385,0.0023536297231216
17.7307692307692,0.00236074713980543
17.75,0.00236788181143306
17.7692307692308,0.00237503374371013
17.7884615384615,0.00238220294222134
17.8076923076923,0.00238938941243078
17.8269230769231,0.00239659315968224
17.8461538461538,0.00240381418919957
17.8653846153846,0.00241105250608697
17.8846153846154,0.00241830811532941
17.9038461538462,0.00242558102179294
17.9230769230769,0.00243287123022507
17.9423076923077,0.00244017874525509
17.9615384615385,0.00244750357139454
17.9807692307692,0.00245484571303747
18,0.00246220517446091
18.0192307692308,0.00246958195982523
18.0384615384615,0.0024769760731745
18.0576923076923,0.00248438751843692
18.0769230769231,0.00249181629942526
18.0961538461538,0.00249926241983728
18.1153846153846,0.00250672588325614
18.1346153846154,0.00251420669315083
18.1538461538462,0.0025217048528766
18.1730769230769,0.0025292203656754
18.1923076923077,0.00253675323467633
18.2115384615385,0.00254430346289605
18.2307692307692,0.00255187105323929
18.25,0.00255945600849926
18.2692307692308,0.00256705833135814
18.2884615384615,0.00257467802018876
18.3076923076923,0.00258231507746518
18.3269230769231,0.00258996950555127
18.3461538461538,0.00259764130670123
18.3653846153846,0.00260533048306008
18.3846153846154,0.00261303703666421
18.4038461538462,0.00262076096944185
18.4230769230769,0.00262850228321363
18.4423076923077,0.00263626097969312
18.4615384615385,0.00264403706048731
18.4807692307692,0.00265183052709723
18.5,0.0026596413809184
18.5192307692308,0.00266746962324148
18.5384615384615,0.00267531525525273
18.5576923076923,0.00268317827803465
18.5769230769231,0.0026910586925665
18.5961538461538,0.00269895649972489
18.6153846153846,0.00270687170028432
18.6346153846154,0.00271480429491782
18.6538461538462,0.00272275428419748
18.6730769230769,0.00273072166859508
18.6923076923077,0.00273870644848266
18.7115384615385,0.00274670862413311
18.7307692307692,0.00275472819572084
18.75,0.00276276516332229
18.7692307692308,0.00277081952691664
18.7884615384615,0.00277889128638636
18.8076923076923,0.00278698044151789
18.8269230769231,0.00279508699200222
18.8461538461538,0.00280321093743555
18.8653846153846,0.00281135227731993
18.8846153846154,0.0028195110110639
18.9038461538462,0.00282768713798315
18.9230769230769,0.00283588065730113
18.9423076923077,0.00284409156814976
18.9615384615385,0.00285231986957008
18.9807692307692,0.00286056556051288
19,0.00286882863983944
19.0192307692308,0.00287710910632214
19.0384615384615,0.00288540695864507
19.0576923076923,0.00289372219540473
19.0769230769231,0.00290205481511085
19.0961538461538,0.00291040481618706
19.1153846153846,0.00291877219697161
19.1346153846154,0.00292715695571807
19.1538461538462,0.00293555909059601
19.1730769230769,0.00294397859969175
19.1923076923077,0.00295241548100904
19.2115384615385,0.00296086973246983
19.2307692307692,0.00296934135191492
19.25,0.00297783033710477
19.2692307692308,0.00298633668572016
19.2884615384615,0.00299486039097304
19.3076923076923,0.00300340145040129
19.3269230769231,0.00301195986146481
19.3461538461538,0.00302053562154621
19.3653846153846,0.00302912872795165
19.3846153846154,0.00303773917791161
19.4038461538462,0.00304636696858162
19.4230769230769,0.00305501209704306
19.4423076923077,0.00306367456030395
19.4615384615385,0.00307235435529976
19.4807692307692,0.00308105147889415
19.5,0.00308976592787978
19.5192307692308,0.00309849769897914
19.5384615384615,0.00310724678884531
19.5576923076923,0.00311601319406277
19.5769230769231,0.00312479691114823
19.5961538461538,0.0031335979365514
19.6153846153846,0.00314241626665587
19.6346153846154,0.00315125189777985
19.6538461538462,0.00316010482617703
19.6730769230769,0.00316897504803741
19.6923076923077,0.00317786255948809
19.7115384615385,0.00318676735659415
19.7307692307692,0.00319568943535945
19.75,0.00320462879172744
19.7692307692308,0.00321358542158208
19.7884615384615,0.00322255932074858
19.8076923076923,0.00323155048499434
19.8269230769231,0.00324055891002971
19.8461538461538,0.00324958459150893
19.8653846153846,0.0032586275250309
19.8846153846154,0.0032676877061401
19.9038461538462,0.00327676513032739
19.9230769230769,0.00328585979303094
19.9423076923077,0.00329497168963703
19.9615384615385,0.00330410081548096
19.9807692307692,0.00331324716584793
20,0.00332241073597383
20.0192307692308,0.00333159152104623
20.0384615384615,0.00334078951620503
20.0576923076923,0.00335000471654335
20.0769230769231,0.00335923711710864
20.0961538461538,0.00336848671290354
20.1153846153846,0.00337775349888678
20.1346153846154,0.00338703746997404
20.1538461538462,0.00339633862103887
20.1730769230769,0.0034056569469136
20.1923076923077,0.00341499244239018
20.2115384615385,0.00342434510222112
20.2307692307692,0.00343371492112041
20.25,0.00344310189376437
20.2692307692308,0.00345250601479259
20.2884615384615,0.00346192727332078
20.3076923076923,0.00347136566393674
20.3269230769231,0.00348082118119351
20.3461538461538,0.00349029381961038
20.3653846153846,0.00349978357367377
20.3846153846154,0.0035092904378382
20.4038461538462,0.0035188144065272
20.4230769230769,0.00352835547413428
20.4423076923077,0.00353791363502383
20.4615384615385,0.00354748888353211
20.4807692307692,0.00355708121396814
20.5,0.00356669062061471
20.5192307692308,0.00357631709772927
20.5384615384615,0.00358596063954487
20.5576923076923,0.00359562124027118
20.5769230769231,0.00360529889409537
20.5961538461538,0.00361499359518307
20.6153846153846,0.00362470533767935
20.6346153846154,0.00363443411570966
20.6538461538462,0.00364417992338077
20.6730769230769,0.00365394275478174
20.6923076923077,0.00366372260398487
20.7115384615385,0.00367351946504666
20.7307692307692,0.00368333333200875
20.75,0.00369316419889892
20.7692307692308,0.00370301205973199
20.7884615384615,0.00371287690851085
20.8076923076923,0.00372275873922736
20.8269230769231,0.00373265754586333
20.8461538461538,0.00374257332239152
20.8653846153846,0.00375250606277655
20.8846153846154,0.00376245576097589
20.9038461538462,0.00377242241094082
20.9230769230769,0.0037824060066174
20.9423076923077,0.00379240654194744
20.9615384615385,0.00380242401086946
20.9807692307692,0.00381245840731966
21,0.00382250972523288
21.0192307692308,0.00383257795854356
21.0384615384615,0.00384266310118657
21.0576923076923,0.00385276514709813
21.0769230769231,0.00386288409021704
21.0961538461538,0.00387301992448562
21.1153846153846,0.00388317264385071
21.1346153846154,0.00389334224226463
21.1538461538462,0.00390352871368615
21.1730769230769,0.00391373205208143
21.1923076923077,0.00392395225142504
21.2115384615385,0.00393418930570092
21.2307692307692,0.00394444320890332
21.25,0.00395471395503779
21.2692307692308,0.00396500153812217
21.2884615384615,0.00397530594559192
21.3076923076923,0.00398562717151633
21.3269230769231,0.00399596520997901
21.3461538461538,0.00400632005507895
21.3653846153846,0.00401669170093145
21.3846153846154,0.00402708014166917
21.4038461538462,0.00403748537144305
21.4230769230769,0.00404790738442338
21.4423076923077,0.00405834617480076
21.4615384615385,0.00406880173678705
21.4807692307692,0.00407927406461642
21.5,0.00408976315254631
21.5192307692308,0.0041002689948584
21.5384615384615,0.00411079158585965
21.5576923076923,0.00412133091988321
21.5769230769231,0.00413188699128947
21.5961538461538,0.00414245979446702
21.6153846153846,0.00415304932383362
21.6346153846154,0.0041636555738372
21.6538461538462,0.00417427853895682
21.6730769230769,0.00418491821370369
21.6923076923077,0.00419557459262211
21.7115384615385,0.00420624767029046
21.7307692307692,0.00421693744132216
21.75,0.00422764390036671
21.7692307692308,0.00423836704211058
21.7884615384615,0.00424910686127824
21.8076923076923,0.00425986335263311
21.8269230769231,0.00427063651097852
21.8461538461538,0.00428142633115873
21.8653846153846,0.00429223280805985
21.8846153846154,0.00430305593661082
21.9038461538462,0.00431389571178438
21.9230769230769,0.00432475212859806
21.9423076923077,0.00433562518211508
21.9615384615385,0.00434651486744539
21.9807692307692,0.00435742117974657
22,0.00436834411422486
22.0192307692308,0.00437928366613602
22.0384615384615,0.00439023983078609
22.0576923076923,0.0044012126035323
22.0769230769231,0.00441220197978443
22.0961538461538,0.00442320795500565
22.1153846153846,0.00443423052471358
22.1346153846154,0.00444526968448117
22.1538461538462,0.00445632542993767
22.1730769230769,0.00446739775676958
22.1923076923077,0.0044784866607216
22.2115384615385,0.00448959213759755
22.2307692307692,0.00450071418326134
22.25,0.00451185279363788
22.2692307692308,0.00452300796471406
22.2884615384615,0.00453417968610454
22.3076923076923,0.0045453679539472
22.3269230769231,0.0045565727644439
22.3461538461538,0.00456779411386139
22.3653846153846,0.00457903199853231
22.3846153846154,0.00459028641485609
22.4038461538462,0.00460155735929994
22.4230769230769,0.00461284482839975
22.4423076923077,0.00462414881876107
22.4615384615385,0.00463546932706004
22.4807692307692,0.00464680635004431
22.5,0.00465815988453398
22.5192307692308,0.00466952992742257
22.5384615384615,0.00468091647567789
22.5576923076923,0.00469231952634299
22.5769230769231,0.00470373907653712
22.5961538461538,0.0047151751234566
22.6153846153846,0.00472662766437577
22.6346153846154,0.0047380966966479
22.6538461538462,0.00474958221770611
22.6730769230769,0.00476108422506428
22.6923076923077,0.00477260271631795
22.7115384615385,0.00478413768914524
22.7307692307692,0.00479568914130778
22.75,0.00480725707065155
22.7692307692308,0.00481884147510783
22.7884615384615,0.0048304423526941
22.8076923076923,0.00484205970151491
22.8269230769231,0.00485369351976278
22.8461538461538,0.0048653438057191
22.8653846153846,0.00487701055775503
22.8846153846154,0.00488869377433233
22.9038461538462,0.00490039345400432
22.9230769230769,0.00491210959541672
22.9423076923077,0.00492384219730849
22.9615384615385,0.00493559125851281
22.9807692307692,0.00494735677795784
23,0.00495913875466765
23.0192307692308,0.0049709371877631
23.0384615384615,0.00498275207646227
23.0576923076923,0.00499458342008141
23.0769230769231,0.00500643121803618
23.0961538461538,0.0050182954698425
23.1153846153846,0.00503017617511745
23.1346153846154,0.00504207333358005
23.1538461538462,0.00505398694505218
23.1730769230769,0.00506591700945937
23.1923076923077,0.00507786352683167
23.2115384615385,0.00508982649730448
23.2307692307692,0.00510180592111939
23.25,0.00511380179862501
23.2692307692308,0.00512581413027783
23.2884615384615,0.00513784291146602
23.3076923076923,0.00514988814288422
23.3269230769231,0.00516194982533678
23.3461538461538,0.00517402794194299
23.3653846153846,0.00518612251166937
23.3846153846154,0.00519823353565298
23.4038461538462,0.00521036101514396
23.4230769230769,0.0052225049515063
23.4423076923077,0.00523466534621865
23.4615384615385,0.00524684220087522
23.4807692307692,0.00525903551718649
23.5,0.0052712452969801
23.5192307692308,0.00528347154220162
23.5384615384615,0.00529571425491537
23.5576923076923,0.00530797343730521
23.5769230769231,0.00532024909167534
23.5961538461538,0.00533254122045109
23.6153846153846,0.00534484982617974
23.6346153846154,0.0053571742908469
23.6538461538462,0.00536951524592629
23.6730769230769,0.00538187331510734
23.6923076923077,0.00539424787254138
23.7115384615385,0.00540663892139821
23.7307692307692,0.00541904646497424
23.75,0.00543147050669323
23.7692307692308,0.00544391105010711
23.7884615384615,0.00545636809889665
23.8076923076923,0.00546884165687233
23.8269230769231,0.00548133172797502
23.8461538461538,0.00549383831627674
23.8653846153846,0.00550636142598145
23.8846153846154,0.00551890106142576
23.9038461538462,0.00553145722707969
23.9230769230769,0.00554402992755662
23.9423076923077,0.00555661916759543
23.9615384615385,0.00556922495206134
23.9807692307692,0.00558184728596534
24,0.00559448617445552
24.0192307692308,0.00560714162281776
24.0384615384615,0.00561981363647602
24.0576923076923,0.00563250222099309
24.0769230769231,0.0056452073820718
24.0961538461538,0.00565792912555567
24.1153846153846,0.00567066745742967
24.1346153846154,0.00568342238382086
24.1538461538462,0.00569619391099916
24.1730769230769,0.00570898204537801
24.1923076923077,0.00572178679351505
24.2115384615385,0.00573460816211283
24.2307692307692,0.00574744615801952
24.25,0.00576030078822953
24.2692307692308,0.00577317205988424
24.2884615384615,0.00578605997735944
24.3076923076923,0.00579896454810374
24.3269230769231,0.00581188577971441
24.3461538461538,0.00582482367993799
24.3653846153846,0.00583777825667101
24.3846153846154,0.00585074951796063
24.4038461538462,0.00586373747200532
24.4230769230769,0.00587674212715553
24.4423076923077,0.00588976349191433
24.4615384615385,0.00590280157493807
24.4807692307692,0.00591585638503701
24.5,0.00592892793117604
24.5192307692308,0.00594201622247524
24.5384615384615,0.00595512126821056
24.5576923076923,0.00596824307781445
24.5769230769231,0.00598138166087651
24.5961538461538,0.00599453702714409
24.6153846153846,0.00600770918652295
24.6346153846154,0.00602089814907784
24.6538461538462,0.00603410392503317
24.6730769230769,0.00604732652477358
24.6923076923077,0.0060605659588446
24.7115384615385,0.00607382223795322
24.7307692307692,0.0060870953729685
24.75,0.00610038537492219
24.7692307692308,0.00611369225500933
24.7884615384615,0.0061270160245888
24.8076923076923,0.00614035669518399
24.8269230769231,0.00615371427848332
24.8461538461538,0.00616708878634087
24.8653846153846,0.00618048023077691
24.8846153846154,0.00619388862397854
24.9038461538462,0.00620731397830021
24.9230769230769,0.00622075630626433
24.9423076923077,0.00623421562056181
24.9615384615385,0.00624769193405266
24.9807692307692,0.00626118525976648
25,0.00627469561090312
25.0192307692308,0.00628822300083314
25.0384615384615,0.00630176744309781
25.0576923076923,0.00631532895140974
25.0769230769231,0.00632890753965395
25.0961538461538,0.00634250322188843
25.1153846153846,0.0063561160123447
25.1346153846154,0.00636974592542832
25.1538461538462,0.00638339297571941
25.1730769230769,0.0063970571779732
25.1923076923077,0.00641073854712052
25.2115384615385,0.00642443709826834
25.2307692307692,0.0064381528467003
25.25,0.00645188580787717
25.2692307692308,0.00646563599743741
25.2884615384615,0.00647940342882837
25.3076923076923,0.00649318811805446
25.3269230769231,0.00650699008129894
25.3461538461538,0.00652080933492451
25.3653846153846,0.00653464589547372
25.3846153846154,0.00654849977966949
25.4038461538462,0.00656237100441564
25.4230769230769,0.00657625958679731
25.4423076923077,0.00659016554408148
25.4615384615385,0.00660408889371746
25.4807692307692,0.00661802965333733
25.5,0.00663198784075642
25.5192307692308,0.00664596347397382
25.5384615384615,0.00665995657117276
25.5576923076923,0.00667396715072117
25.5769230769231,0.00668799523117204
25.5961538461538,0.00670204083126397
25.6153846153846,0.00671610396992152
25.6346153846154,0.00673018466625573
25.6538461538462,0.00674428293956451
25.6730769230769,0.00675839880933314
25.6923076923077,0.00677253229523464
25.7115384615385,0.00678668341713023
25.7307692307692,0.00680085219506979
25.75,0.0068150386492922
25.7692307692308,0.00682924280022584
25.7884615384615,0.00684346466848898
25.8076923076923,0.00685770427489016
25.8269230769231,0.00687196164042867
25.8461538461538,0.00688623678629488
25.8653846153846,0.0069005297338707
25.8846153846154,0.00691484050472993
25.9038461538462,0.0069291691206387
25.9230769230769,0.00694351560355582
25.9423076923077,0.00695787997563321
25.9615384615385,0.00697226225921622
25.9807692307692,0.00698666247684411
26,0.00700108065125031
26.0192307692308,0.00701551680536287
26.0384615384615,0.00702997096230407
26.0576923076923,0.00704444314539083
26.0769230769231,0.00705893337813575
26.0961538461538,0.00707344168424754
26.1153846153846,0.00708796808763137
26.1346153846154,0.00710251261238916
26.1538461538462,0.00711707528281999
26.1730769230769,0.00713165612342041
26.1923076923077,0.00714625515888479
26.2115384615385,0.00716087241410564
26.2307692307692,0.00717309812284466
26.25,0.00718775267483597
26.2692307692308,0.00720242552153261
26.2884615384615,0.00721711668456392
26.3076923076923,0.00723182618983708
26.3269230769231,0.00724655406345889
26.3461538461538,0.00726130033173604
26.3653846153846,0.00727606502117549
26.3846153846154,0.00729084815848472
26.4038461538462,0.00730564977057209
26.4230769230769,0.00732046988454712
26.4423076923077,0.00733530852772075
26.4615384615385,0.00735016572760574
26.4807692307692,0.00736504151191686
26.5,0.00737993590857122
26.5192307692308,0.00739484894568856
26.5384615384615,0.00740978065157555
26.5576923076923,0.00742473105475809
26.5769230769231,0.0074397001839655
26.5961538461538,0.00745468806813085
26.6153846153846,0.00746969473639116
26.6346153846154,0.00748472021808768
26.6538461538462,0.00749976454276614
26.6730769230769,0.00751482774017702
26.6923076923077,0.00752990984027579
26.7115384615385,0.00754501087322311
26.7307692307692,0.00756013086938515
26.75,0.00757526985933374
26.7692307692308,0.00759042787384665
26.7884615384615,0.0076056049439078
26.8076923076923,0.00762080110070751
26.8269230769231,0.00763601637564263
26.8461538461538,0.00765125080031688
26.8653846153846,0.00766650440654097
26.8846153846154,0.00768177722633281
26.9038461538462,0.00769706929191774
26.9230769230769,0.00771238063572872
26.9423076923077,0.00772771129040652
26.9615384615385,0.0077430612887999
26.9807692307692,0.00775843066396578
27,0.00777381944916945
27.0192307692308,0.00778922767788474
27.0384615384615,0.00780465538379344
27.0576923076923,0.00782010260078546
27.0769230769231,0.00783556936295977
27.0961538461538,0.00785105570462458
27.1153846153846,0.00786656166029747
27.1346153846154,0.00788208726470549
27.1538461538462,0.00789763255278542
27.1730769230769,0.00791319755968379
27.1923076923077,0.00792878232075708
27.2115384615385,0.00794438687157185
27.2307692307692,0.00796001124790484
27.25,0.00797565548574309
27.2692307692308,0.0079913196212841
27.2884615384615,0.00800700368406146
27.3076923076923,0.00802270771071858
27.3269230769231,0.00803843173810886
27.3461538461538,0.00805417580329577
27.3653846153846,0.00806993994355295
27.3846153846154,0.0080857241963644
27.4038461538462,0.00810152859942447
27.4230769230769,0.00811735319063803
27.4423076923077,0.00813319800812054
27.4615384615385,0.00814906309019814
27.4807692307692,0.00816494847540771
27.5,0.00818085420249699
27.5192307692308,0.00819678031042461
27.5384615384615,0.00821272683836018
27.5576923076923,0.00822869382568433
27.5769230769231,0.00824468131198879
27.5961538461538,0.00826068933707642
27.6153846153846,0.00827671794096125
27.6346153846154,0.00829276716386854
27.6538461538462,0.0083088370462348
27.6730769230769,0.00832492762870784
27.6923076923077,0.00834103895214673
27.7115384615385,0.0083571710576219
27.7307692307692,0.00837332398641511
27.75,0.00838949778001944
27.7692307692308,0.00840569248013934
27.7884615384615,0.00842190812869057
27.8076923076923,0.00843814476780024
27.8269230769231,0.00845440243980678
27.8461538461538,0.00847068118725988
27.8653846153846,0.00848698105292053
27.8846153846154,0.00850330207976094
27.9038461538462,0.00851964431096452
27.9230769230769,0.00853600778992584
27.9423076923077,0.00855239256025055
27.9615384615385,0.00856879866575539
27.9807692307692,0.00858522615046806
28,0.00860167505862721
28.0192307692308,0.00861814543468232
28.0384615384615,0.00863463732329304
28.0576923076923,0.00865115076932914
28.0769230769231,0.00866768581787105
28.0961538461538,0.0086842425142097
28.1153846153846,0.0087008209038465
28.1346153846154,0.00871742103249319
28.1538461538462,0.00873404294607173
28.1730769230769,0.00875068669071417
28.1923076923077,0.00876735231276257
28.2115384615385,0.00878403985876879
28.2307692307692,0.00880074937549443
28.25,0.00881748090991062
28.2692307692308,0.00883423450919791
28.2884615384615,0.00885101020649456
28.3076923076923,0.00886780804944802
28.3269230769231,0.00888462808591304
28.3461538461538,0.00890147036395154
28.3653846153846,0.00891833493183243
28.3846153846154,0.00893522183803154
28.4038461538462,0.00895213113123138
28.4230769230769,0.00896906286032101
28.4423076923077,0.00898601707439582
28.4615384615385,0.00900299382275739
28.4807692307692,0.00901999315491328
28.5,0.00903701512057684
28.5192307692308,0.00905405976966696
28.5384615384615,0.00907112715230791
28.5576923076923,0.00908821731882906
28.5769230769231,0.00910533031976472
28.5961538461538,0.00912246620585382
28.6153846153846,0.00913962502803971
28.6346153846154,0.0091568068374699
28.6538461538462,0.00917401168549579
28.6730769230769,0.0091912396236724
28.6923076923077,0.00920849070375809
28.7115384615385,0.00922576497771428
28.7307692307692,0.00924306249770513
28.75,0.00926038331609727
28.7692307692308,0.00927772748545947
28.7884615384615,0.00929509505856231
28.8076923076923,0.00931248608837788
28.8269230769231,0.00932990062807943
28.8461538461538,0.009347338731041
28.8653846153846,0.00936480045083711
28.8846153846154,0.00938228584124239
28.9038461538462,0.00939979495623117
28.9230769230769,0.00941732784997715
28.9423076923077,0.00943488457685298
28.9615384615385,0.00945246519142988
28.9807692307692,0.00947006974847725
29,0.0094876983029622
29.0192307692308,0.00950535091004922
29.0384615384615,0.00952302762509931
29.0576923076923,0.00954072850366967
29.0769230769231,0.00955845360151353
29.0961538461538,0.00957620297457975
29.1153846153846,0.00959397667901233
29.1346153846154,0.00961177477114991
29.1538461538462,0.00962959730752533
29.1730769230769,0.00964744434486506
29.1923076923077,0.00966531594008879
29.2115384615385,0.00968321215030884
29.2307692307692,0.00970113303282967
29.25,0.00971907864514733
29.2692307692308,0.00973704904494895
29.2884615384615,0.00975504427114461
29.3076923076923,0.00977306438186219
29.3269230769231,0.00979110943541686
29.3461538461538,0.00980917949031051
29.3653846153846,0.00982727460523126
29.3846153846154,0.00984539483905284
29.4038461538462,0.00986354025083405
29.4230769230769,0.00988171089981818
29.4423076923077,0.00989990684543241
29.4615384615385,0.00991812814728722
29.4807692307692,0.00993637486517575
29.5,0.00995464705907319
29.5192307692308,0.00997294478913613
29.5384615384615,0.00999126811570194
29.5576923076923,0.010009617099288
29.5769230769231,0.0100279918005913
29.5961538461538,0.0100463922804873
29.6153846153846,0.0100648186000297
29.6346153846154,0.0100832708204493
29.6538461538462,0.0101017490031538
29.6730769230769,0.0101202532097265
29.6923076923077,0.010138783501926
29.7115384615385,0.010157339941685
29.7307692307692,0.0101759225911101
29.75,0.0101945315124805
29.7692307692308,0.0102131667682473
29.7884615384615,0.0102318284210332
29.8076923076923,0.0102505165336308
29.8269230769231,0.0102692311690024
29.8461538461538,0.0102879723902792
29.8653846153846,0.0103067402607598
29.8846153846154,0.0103255348439102
29.9038461538462,0.010344356203362
29.9230769230769,0.0103632044029124
29.9423076923077,0.0103820795065226
29.9615384615385,0.010400981578317
29.9807692307692,0.0104199106825827
30,0.0104388668837679
30.0192307692308,0.0104578502464816
30.0384615384615,0.0104768608354917
30.0576923076923,0.0104958987157245
30.0769230769231,0.0105149639522639
30.0961538461538,0.0105340566103504
30.1153846153846,0.0105531767553799
30.1346153846154,0.0105723244529029
30.1538461538462,0.010591499768623
30.1730769230769,0.0106107027683965
30.1923076923077,0.0106299335182305
30.2115384615385,0.0106491920842824
30.2307692307692,0.0106684785328585
30.25,0.010687792930413
30.2692307692308,0.0107071353435467
30.2884615384615,0.0107265058159295
30.3076923076923,0.0107459044145199
30.3269230769231,0.0107653312064167
30.3461538461538,0.0107847862588585
30.3653846153846,0.0108042696392218
30.3846153846154,0.0108237814150205
30.4038461538462,0.0108433216539041
30.4230769230769,0.0108628904236569
30.4423076923077,0.0108824877921965
30.4615384615385,0.0109021138275726
30.4807692307692,0.0109217685979659
30.5,0.0109414521716863
30.5192307692308,0.0109611646171721
30.5384615384615,0.0109809060029885
30.5576923076923,0.011000676397826
30.5769230769231,0.0110204758704993
30.5961538461538,0.0110403044899461
30.6153846153846,0.011060162325225
30.6346153846154,0.0110800494455147
30.6538461538462,0.0110999659201125
30.6730769230769,0.0111199118184322
30.6923076923077,0.0111398872100036
30.7115384615385,0.0111598921644702
30.7307692307692,0.011179926751588
30.75,0.0111999910412239
30.7692307692308,0.0112200851033543
30.7884615384615,0.0112402090080631
30.8076923076923,0.0112603628255407
30.8269230769231,0.0112805466260817
30.8461538461538,0.0113007604800838
30.8653846153846,0.011321004458046
30.8846153846154,0.0113412786305667
30.9038461538462,0.0113615830683424
30.9230769230769,0.0113819178421654
30.9423076923077,0.0114022830229228
30.9615384615385,0.011422678681594
30.9807692307692,0.0114431048892494
31,0.0114635617170485
31.0192307692308,0.011484049236238
31.0384615384615,0.0115045675181496
31.0576923076923,0.011525116634198
31.0769230769231,0.0115456966558798
31.0961538461538,0.0115663076547714
31.1153846153846,0.0115869497025273
31.1346153846154,0.0116076228708778
31.1538461538462,0.0116283272316271
31.1730769230769,0.0116490628566518
31.1923076923077,0.011669829817898
31.2115384615385,0.0116906281873801
31.2307692307692,0.0117114580371781
31.25,0.0117323194394359
31.2692307692308,0.0117532124663591
31.2884615384615,0.0117741371622418
31.3076923076923,0.0117950935994819
31.3269230769231,0.0118160818505292
31.3461538461538,0.0118371019878839
31.3653846153846,0.0118581540840943
31.3846153846154,0.0118792382117541
31.4038461538462,0.0119003544435008
31.4230769230769,0.0119215028520132
31.4423076923077,0.0119426835100091
31.4615384615385,0.011963896490243
31.4807692307692,0.0119851418655039
31.5,0.0120064197086129
31.5192307692308,0.0120277300924206
31.5384615384615,0.0120490730898052
31.5576923076923,0.0120704487736695
31.5769230769231,0.0120918572169389
31.5961538461538,0.0121132984925587
31.6153846153846,0.0121347726734914
31.6346153846154,0.0121562798327146
31.6538461538462,0.0121778200432183
31.6730769230769,0.012199393378002
31.6923076923077,0.0122209999100725
31.7115384615385,0.0122426397124409
31.7307692307692,0.0122643128581201
31.75,0.0122860194201222
31.7692307692308,0.0123077594714556
31.7884615384615,0.0123295330851221
31.8076923076923,0.0123513403341146
31.8269230769231,0.0123731812914138
31.8461538461538,0.0123950560299856
31.8653846153846,0.0124169646227779
31.8846153846154,0.0124389071427183
31.9038461538462,0.0124608836627106
31.9230769230769,0.0124828942556321
31.9423076923077,0.0125049389943304
31.9615384615385,0.0125270179516208
31.9807692307692,0.0125491312002826
32,0.0125712788130567
32.0192307692308,0.0125934608626419
32.0384615384615,0.0126156774216913
32.0576923076923,0.0126379285628093
32.0769230769231,0.0126602143585487
32.0961538461538,0.0126825348814083
32.1153846153846,0.0127048902038288
32.1346153846154,0.01272728039819
32.1538461538462,0.0127497055368073
32.1730769230769,0.0127721656919282
32.1923076923077,0.0127946609357292
32.2115384615385,0.0128171913403121
32.2307692307692,0.0128397569777006
32.25,0.0128623579198368
32.2692307692308,0.0128849942385776
32.2884615384615,0.0129076659734478
32.3076923076923,0.0129303731962028
32.3269230769231,0.012953115978499
32.3461538461538,0.0129758943918899
32.3653846153846,0.0129987085078227
32.3846153846154,0.0130215583976344
32.4038461538462,0.0130444441325481
32.4230769230769,0.0130673657836695
32.4423076923077,0.0130903234219828
32.4615384615385,0.013113317118347
32.4807692307692,0.0131363469434923
32.5,0.0131594129680157
32.5192307692308,0.0131825152623774
32.5384615384615,0.013205653896897
32.5576923076923,0.0132288289417488
32.5769230769231,0.0132520404669586
32.5961538461538,0.013275288542399
32.6153846153846,0.0132985732377857
32.6346153846154,0.0133218946226728
32.6538461538462,0.0133452527664493
32.6730769230769,0.0133686477383343
32.6923076923077,0.0133920796073729
32.7115384615385,0.0134155484424319
32.7307692307692,0.0134390543121956
32.75,0.013462597285161
32.7692307692308,0.0134861774296337
32.7884615384615,0.0135097948137234
32.8076923076923,0.0135334495053393
32.8269230769231,0.0135571415721855
32.8461538461538,0.0135808710817563
32.8653846153846,0.0136046381013321
32.8846153846154,0.0136284426979739
32.9038461538462,0.0136522849385194
32.9230769230769,0.0136761648895776
32.9423076923077,0.0137000826175243
32.9615384615385,0.0137240381884972
32.9807692307692,0.0137480316683911
33,0.0137720631228528
33.0192307692308,0.0137961326172762
33.0384615384615,0.0138202402167957
33.0576923076923,0.013844385986281
33.0769230769231,0.0138685699903342
33.0961538461538,0.0138927922932842
33.1153846153846,0.0139170529591819
33.1346153846154,0.0139413520517947
33.1538461538462,0.0139656896346012
33.1730769230769,0.0139900657707861
33.1923076923077,0.0140144805232348
33.2115384615385,0.0140389339545277
33.2307692307692,0.0140634261269351
33.25,0.0140879571024115
33.2692307692308,0.01411252694259
33.2884615384615,0.0141371356647907
33.3076923076923,0.0141617833300882
33.3269230769231,0.0141864699992144
33.3461538461538,0.0142111957325534
33.3653846153846,0.0142359605901354
33.3846153846154,0.0142607646316311
33.4038461538462,0.0142856079163458
33.4230769230769,0.0143104905032141
33.4423076923077,0.0143354124507932
33.4615384615385,0.0143603738172576
33.4807692307692,0.0143853746603929
33.5,0.0144104150375898
33.5192307692308,0.014435495005838
33.5384615384615,0.0144606146217201
33.5576923076923,0.0144857739414054
33.5769230769231,0.0145109730206437
33.5961538461538,0.014536211914759
33.6153846153846,0.0145614906786433
33.6346153846154,0.0145868093667499
33.6538461538462,0.0146121680330875
33.6730769230769,0.0146375667312132
33.6923076923077,0.0146630055142262
33.7115384615385,0.0146884844347612
33.7307692307692,0.0147140035449818
33.75,0.0147395628965739
33.7692307692308,0.0147651625407386
33.7884615384615,0.0147908025281861
33.8076923076923,0.0148164829091279
33.8269230769231,0.0148422037332708
33.8461538461538,0.0148679650498096
33.8653846153846,0.0148937669074199
33.8846153846154,0.0149196093542515
33.9038461538462,0.0149454924379208
33.9230769230769,0.0149714162055042
33.9423076923077,0.0149973807035305
33.9615384615385,0.0150233859779737
33.9807692307692,0.0150494320742456
34,0.0150755190371888
34.0192307692308,0.0151016469110691
34.0384615384615,0.0151278157395655
34.0576923076923,0.0151540255657633
34.0769230769231,0.0151802764321485
34.0961538461538,0.0152065683806003
34.1153846153846,0.0152329014523835
34.1346153846154,0.0152592756881407
34.1538461538462,0.0152856911278841
34.1730769230769,0.0153121478109885
34.1923076923077,0.0153386457761826
34.2115384615385,0.0153651850615414
34.2307692307692,0.015391765704478
34.25,0.0154183877417357
34.2692307692308,0.01544505120938
34.2884615384615,0.0154717560621109
34.3076923076923,0.0154985023347895
34.3269230769231,0.0155252900615667
34.3461538461538,0.0155521192758748
34.3653846153846,0.01557899001042
34.3846153846154,0.0156059022971732
34.4038461538462,0.0156328561673624
34.4230769230769,0.015659851651464
34.4423076923077,0.0156868887791941
34.4615384615385,0.0157139675795003
34.4807692307692,0.0157410880805527
34.5,0.015768250309736
34.5192307692308,0.0157954542936396
34.5384615384615,0.0158227000580499
34.5576923076923,0.015849987627941
34.5769230769231,0.0158773170274657
34.5961538461538,0.0159046882799468
34.6153846153846,0.0159321014078677
34.6346153846154,0.0159595564328639
34.6538461538462,0.0159870533757133
34.6730769230769,0.0160145922563273
34.6923076923077,0.0160421730937413
34.7115384615385,0.0160697959061059
34.7307692307692,0.0160974607106768
34.75,0.0161251675238058
34.7692307692308,0.0161529163609314
34.7884615384615,0.0161807072365689
34.8076923076923,0.0162085401643009
34.8269230769231,0.0162364151567677
34.8461538461538,0.0162643322256577
34.8653846153846,0.0162922913816971
34.8846153846154,0.0163202926346407
34.9038461538462,0.0163483359932614
34.9230769230769,0.0163764214653407
34.9423076923077,0.0164045490576582
34.9615384615385,0.0164327187759819
34.9807692307692,0.0164609306250578
35,0.0164891846086
35.0192307692308,0.01651748072928
35.0384615384615,0.0165458189887141
35.0576923076923,0.0165741993874528
35.0769230769231,0.0166026219249737
35.0961538461538,0.0166310865996705
35.1153846153846,0.0166595934088427
35.1346153846154,0.0166881423486848
35.1538461538462,0.0167167334142758
35.1730769230769,0.0167453665995683
35.1923076923077,0.0167740418973776
35.2115384615385,0.0168027592993714
35.2307692307692,0.016831518796058
35.25,0.0168603203767761
35.2692307692308,0.0168891640296833
35.2884615384615,0.0169180496282647
35.3076923076923,0.0169469771585304
35.3269230769231,0.0169759466052662
35.3461538461538,0.0170049579520231
35.3653846153846,0.0170340111811056
35.3846153846154,0.0170631062735608
35.4038461538462,0.0170922432091672
35.4230769230769,0.0171214219664235
35.4423076923077,0.017150642522537
35.4615384615385,0.0171799048534125
35.4807692307692,0.0172092089336408
35.5,0.0172385547364869
35.5192307692308,0.0172679422338787
35.5384615384615,0.0172973713963956
35.5576923076923,0.0173268421932559
35.5769230769231,0.0173563545923063
35.5961538461538,0.0173859085600091
35.6153846153846,0.0174155040614306
35.6346153846154,0.0174451410602295
35.6538461538462,0.0174748195186446
35.6730769230769,0.0175045393974829
35.6923076923077,0.0175343006561072
35.7115384615385,0.0175641032524245
35.7307692307692,0.0175939471428734
35.75,0.0176238322824119
35.7692307692308,0.0176537586245052
35.7884615384615,0.0176837261211133
35.8076923076923,0.0177137347226784
35.8269230769231,0.0177437843781126
35.8461538461538,0.0177738750347855
35.8653846153846,0.0178040066385113
35.8846153846154,0.0178341791335365
35.9038461538462,0.0178643924625269
35.9230769230769,0.0178946465665552
35.9423076923077,0.0179249413850879
35.9615384615385,0.0179552768559727
35.9807692307692,0.0179856529154255
36,0.0180160694980175
36.0192307692308,0.0180465265366624
36.0384615384615,0.0180770239625999
36.0576923076923,0.0181075617053836
36.0769230769231,0.0181381396928706
36.0961538461538,0.0181687578512085
36.1153846153846,0.0181994161048224
36.1346153846154,0.0182301143764012
36.1538461538462,0.0182608525868847
36.1730769230769,0.0182916306554501
36.1923076923077,0.0183224484994986
36.2115384615385,0.0183533060346417
36.2307692307692,0.0183842031746883
36.25,0.0184151398316307
36.2692307692308,0.0184461159156313
36.2884615384615,0.0184771311667561
36.3076923076923,0.0185081854918566
36.3269230769231,0.0185392787958998
36.3461538461538,0.0185704109819549
36.3653846153846,0.0186015819511802
36.3846153846154,0.0186327916028092
36.4038461538462,0.0186640398341375
36.4230769230769,0.0186953265405089
36.4423076923077,0.0187266516153022
36.4615384615385,0.0187580149499171
36.4807692307692,0.0187894164337611
36.5,0.0188208559542354
36.5192307692308,0.0188523333967211
36.5384615384615,0.018883848644566
36.5576923076923,0.0189154015790701
36.5769230769231,0.018946992079472
36.5961538461538,0.0189786200229353
36.6153846153846,0.0190102852845345
36.6346153846154,0.0190419877372408
36.6538461538462,0.0190737272519086
36.6730769230769,0.0191055036972613
36.6923076923077,0.019137316939877
36.7115384615385,0.0191691668441751
36.7307692307692,0.0192010532724016
36.75,0.0192329760846152
36.7692307692308,0.0192649351386735
36.7884615384615,0.0192969302902183
36.8076923076923,0.019328961392662
36.8269230769231,0.0193610282971728
36.8461538461538,0.0193931308526613
36.8653846153846,0.0194252689057653
36.8846153846154,0.0194574423008365
36.9038461538462,0.0194896508799257
36.9230769230769,0.0195218944827686
36.9423076923077,0.0195541729467718
36.9615384615385,0.019586486106998
36.9807692307692,0.0196188337961523
37,0.0196512158445675
37.0192307692308,0.01968363208019
37.0384615384615,0.0197160823285619
37.0576923076923,0.0197485664128076
37.0769230769231,0.0197810841536228
37.0961538461538,0.0198136353692599
37.1153846153846,0.0198462198755141
37.1346153846154,0.019878837485709
37.1538461538462,0.0199114880106819
37.1730769230769,0.0199441712587698
37.1923076923077,0.0199768870357951
37.2115384615385,0.0200096351450508
37.2307692307692,0.0200424153872869
37.25,0.0200752275606955
37.2692307692308,0.0201080714608966
37.2884615384615,0.0201409466427912
37.3076923076923,0.0201738528974378
37.3269230769231,0.020206790013263
37.3461538461538,0.0202397577760474
37.3653846153846,0.0202727559689118
37.3846153846154,0.0203057843723038
37.4038461538462,0.0203388427639836
37.4230769230769,0.0203719309190109
37.4423076923077,0.0204050486097305
37.4615384615385,0.0204381956057594
37.4807692307692,0.0204713716739723
37.5,0.0205045765784886
37.5192307692308,0.0205378100806586
37.5384615384615,0.0205710719390497
37.5576923076923,0.0206043619094332
37.5769230769231,0.0206376797447705
37.5961538461538,0.0206710251951996
37.6153846153846,0.0207043980080216
37.6346153846154,0.0207377979276876
37.6538461538462,0.0207712246957849
37.6730769230769,0.0208046780510238
37.6923076923077,0.0208381577292243
37.7115384615385,0.0208716634633026
37.7307692307692,0.0209051949832583
37.75,0.0209387520161608
37.7692307692308,0.0209723342861365
37.7884615384615,0.0210059415143552
37.8076923076923,0.0210395734190176
37.8269230769231,0.0210732297153422
37.8461538461538,0.0211069101155521
37.8653846153846,0.0211406143288624
37.8846153846154,0.0211743420614674
37.9038461538462,0.0212080930165275
37.9230769230769,0.0212418668941573
37.9423076923077,0.021275663391412
37.9615384615385,0.0213094822022758
37.9807692307692,0.0213433230176486
38,0.0213771855253344
38.0192307692308,0.0214110694100284
38.0384615384615,0.021444974353301
38.0576923076923,0.0214789000335861
38.0769230769231,0.0215128461261737
38.0961538461538,0.0215468123031979
38.1153846153846,0.021580798233625
38.1346153846154,0.0216148035832418
38.1538461538462,0.0216488280146436
38.1730769230769,0.0216828711872228
38.1923076923077,0.0217169327571573
38.2115384615385,0.0217510123773991
38.2307692307692,0.0217851096976629
38.25,0.0218192243644149
38.2692307692308,0.021853356020862
38.2884615384615,0.0218875040257377
38.3076923076923,0.0219216680165819
38.3269230769231,0.0219558476276238
38.3461538461538,0.0219900424897717
38.3653846153846,0.0220242522306032
38.3846153846154,0.0220584764743555
38.4038461538462,0.0220927148419155
38.4230769230769,0.0221269669508099
38.4423076923077,0.0221612324151963
38.4615384615385,0.0221955108458532
38.4807692307692,0.0222298018501714
38.5,0.0222641050321443
38.5192307692308,0.0222984199923589
38.5384615384615,0.0223327463279874
38.5576923076923,0.0223670836327783
38.5769230769231,0.0224014314970476
38.5961538461538,0.0224357895076704
38.6153846153846,0.0224701572480728
38.6346153846154,0.0225045342982236
38.6538461538462,0.0225389202346265
38.6730769230769,0.022573314630312
38.6923076923077,0.0226077170548298
38.7115384615385,0.0226421270742415
38.7307692307692,0.0226765442511128
38.75,0.0227109681445068
38.7692307692308,0.0227453983099767
38.7884615384615,0.0227798342995589
38.8076923076923,0.0228142756617666
38.8269230769231,0.0228487219415831
38.8461538461538,0.0228831726804555
38.8653846153846,0.0229176274162887
38.8846153846154,0.0229520856834391
38.9038461538462,0.0229865470127096
38.9230769230769,0.0230210109313431
38.9423076923077,0.0230554769630181
38.9615384615385,0.0230899446278427
38.9807692307692,0.0231244134423502
39,0.0231588829194943
39.0192307692308,0.0231933525686441
39.0384615384615,0.0232278218955734
39.0576923076923,0.0232622904024569
39.0769230769231,0.0232967575878744
39.0961538461538,0.023331222946807
39.1153846153846,0.0233656859706339
39.1346153846154,0.0234001461471287
39.1538461538462,0.023434602960457
39.1730769230769,0.023469055891173
39.1923076923077,0.0235035044162172
39.2115384615385,0.0235379480089144
39.2307692307692,0.0235723861389712
39.25,0.0236068182724744
39.2692307692308,0.0236412438718895
39.2884615384615,0.0236756620987065
39.3076923076923,0.0237100724093112
39.3269230769231,0.0237444742564473
39.3461538461538,0.0237788670892168
39.3653846153846,0.0238132503530804
39.3846153846154,0.0238476234898581
39.4038461538462,0.0238819859377298
39.4230769230769,0.0239163371312366
39.4423076923077,0.0239506765012823
39.4615384615385,0.023985003475135
39.4807692307692,0.0240193174764289
39.5,0.0240536179251665
39.5192307692308,0.0240879042377212
39.5384615384615,0.0241221758268401
39.5576923076923,0.024156432101647
39.5769230769231,0.0241906724676456
39.5961538461538,0.0242248963267234
39.6153846153846,0.0242591030771555
39.6346153846154,0.0242932921136088
39.6538461538462,0.0243274628271467
39.6730769230769,0.0243616146052336
39.6923076923077,0.0243957468317406
39.7115384615385,0.0244298588869505
39.7307692307692,0.0244639501475639
39.75,0.0244980199867049
39.7692307692308,0.0245320677739282
39.7884615384615,0.024566092875225
39.8076923076923,0.024600094653031
39.8269230769231,0.024634072466233
39.8461538461538,0.0246680256701771
39.8653846153846,0.0247019536166769
39.8846153846154,0.0247358556540214
39.9038461538462,0.0247697311269844
39.9230769230769,0.0248035793768333
39.9423076923077,0.0248373997413383
39.9615384615385,0.0248711915547831
39.9807692307692,0.0249049541479741
40,0.0249386868482515
40.0192307692308,0.0249723889795002
40.0384615384615,0.0250060598621519
40.0576923076923,0.0250396988131976
40.0769230769231,0.0250733051462102
40.0961538461538,0.0251068781713561
40.1153846153846,0.0251404171954085
40.1346153846154,0.0251739215217603
40.1538461538462,0.0252073904504375
40.1730769230769,0.0252408232781133
40.1923076923077,0.0252742192981222
40.2115384615385,0.0253075778004748
40.2307692307692,0.0253408980718726
40.25,0.0253741793957239
40.2692307692308,0.0254074210521593
40.2884615384615,0.0254406219900401
40.3076923076923,0.0254737814846298
40.3269230769231,0.0255068988079472
40.3461538461538,0.0255399732287847
40.3653846153846,0.0255730040127264
40.3846153846154,0.0256059904221676
40.4038461538462,0.0256389317163339
40.4230769230769,0.0256718271513009
40.4423076923077,0.0257046759800144
40.4615384615385,0.0257374774523111
40.4807692307692,0.0257702308149395
40.5,0.0258029353115812
40.5192307692308,0.0258355901828727
40.5384615384615,0.0258681946664279
40.5576923076923,0.0259007479968606
40.5769230769231,0.0259332494058074
40.5961538461538,0.0259656981219515
40.6153846153846,0.0259980933710466
40.6346153846154,0.026030434375941
40.6538461538462,0.0260627203566028
40.6730769230769,0.0260949505301449
40.6923076923077,0.0261271241108508
40.7115384615385,0.0261592403102005
40.7307692307692,0.0261912983368973
40.75,0.026223297396895
40.7692307692308,0.0262552366934247
40.7884615384615,0.0262871154270233
40.8076923076923,0.0263189327955615
40.8269230769231,0.0263506879942729
40.8461538461538,0.0263823802157831
40.8653846153846,0.026414008650139
40.8846153846154,0.0264455724848398
40.9038461538462,0.0264770709048668
40.9230769230769,0.0265085030927151
40.9423076923077,0.0265398682284247
40.9615384615385,0.0265711654896126
40.9807692307692,0.0266023940515054
41,0.026633553086972
41.0192307692308,0.026664641766557
41.0384615384615,0.026695659258503
41.0576923076923,0.0267266047287859
41.0769230769231,0.0267574773411623
41.0961538461538,0.0267882762572052
41.1153846153846,0.0268190006363391
41.1346153846154,0.0268496496358768
41.1538461538462,0.0268802224110552
41.1730769230769,0.026910718115073
41.1923076923077,0.0269411358991279
41.2115384615385,0.0269714749124546
41.2307692307692,0.0270017343023635
41.25,0.0270319132142794
41.2692307692308,0.0270620107917809
41.2884615384615,0.0270920258380498
41.3076923076923,0.027121957495265
41.3269230769231,0.0271518049038641
41.3461538461538,0.0271815672025848
41.3653846153846,0.0272112435285079
41.3846153846154,0.0272408330170996
41.4038461538462,0.0272703348022552
41.4230769230769,0.0272997480163429
41.4423076923077,0.0273290717902475
41.4615384615385,0.0273583052534155
41.4807692307692,0.0273874475339002
41.5,0.0274164977584069
41.5192307692308,0.0274454550523394
41.5384615384615,0.0274743185398459
41.5576923076923,0.0275030873438663
41.5769230769231,0.0275317605861793
41.5961538461538,0.0275603373874504
41.6153846153846,0.0275888168672798
41.6346153846154,0.0276171981442515
41.6538461538462,0.027645480335982
41.6730769230769,0.02767366255917
41.6923076923077,0.0277017439296465
41.7115384615385,0.0277297235624249
41.7307692307692,0.0277576005717524
41.75,0.0277853740711605
41.7692307692308,0.0278130431735173
41.7884615384615,0.0278406069910796
41.8076923076923,0.0278680646355452
41.8269230769231,0.0278954152181059
41.8461538461538,0.027922657849501
41.8653846153846,0.0279497916400713
41.8846153846154,0.0279768156998129
41.9038461538462,0.0280037291384323
41.9230769230769,0.028030531065401
41.9423076923077,0.0280572205900113
41.9615384615385,0.0280837968214321
41.9807692307692,0.028110258868765
42,0.0281366058411009
42.0192307692308,0.0281628368475776
42.0384615384615,0.0281889509974229
42.0576923076923,0.0282149474000143
42.0769230769231,0.0282408251649522
42.0961538461538,0.0282665834021181
42.1153846153846,0.0282922212217338
42.1346153846154,0.0283177377344202
42.1538461538462,0.0283431320512577
42.1730769230769,0.0283684032838456
42.1923076923077,0.0283935505443625
42.2115384615385,0.0284185729456274
42.2307692307692,0.0284434696011605
42.25,0.0284682396252445
42.2692307692308,0.0284928821329865
42.2884615384615,0.028517395908683
42.3076923076923,0.0285417800720068
42.3269230769231,0.0285660337436261
42.3461538461538,0.0285901560452671
42.3653846153846,0.0286141460997791
42.3846153846154,0.0286380030311976
42.4038461538462,0.0286617259648097
42.4230769230769,0.0286853140272186
42.4423076923077,0.0287087663464086
42.4615384615385,0.0287320820518109
42.4807692307692,0.0287552602743686
42.5,0.028778300146603
42.5192307692308,0.0288012008026796
42.5384615384615,0.0288239613784746
42.5576923076923,0.0288465810116412
42.5769230769231,0.028869058841677
42.5961538461538,0.0288913940099904
42.6153846153846,0.0289135856599684
42.6346153846154,0.0289356329370439
42.6538461538462,0.0289575349887634
42.6730769230769,0.0289792909648552
42.6923076923077,0.0290009000172968
42.7115384615385,0.0290223613003841
42.7307692307692,0.0290436739707989
42.75,0.0290648371876786
42.7692307692308,0.0290858501126839
42.7884615384615,0.0291067119100686
42.8076923076923,0.029127421746748
42.8269230769231,0.0291479787923688
42.8461538461538,0.029168382219378
42.8653846153846,0.0291886312030923
42.8846153846154,0.0292087249217682
42.9038461538462,0.0292286625566714
42.9230769230769,0.0292484432921464
42.9423076923077,0.0292680663156867
42.9615384615385,0.0292875308180047
42.9807692307692,0.0293068359931016
43,0.0293259810383377
43.0192307692308,0.0293449651545024
43.0384615384615,0.0293637875458731
43.0576923076923,0.0293824474202869
43.0769230769231,0.0294009439892238
43.0961538461538,0.0294192764678771
43.1153846153846,0.0294374440752236
43.1346153846154,0.0294554460340936
43.1538461538462,0.0294732815712415
43.1730769230769,0.0294909499174158
43.1923076923077,0.0295084503074291
43.2115384615385,0.0295257819802288
43.2307692307692,0.0295429441789666
43.25,0.0295599361510688
43.2692307692308,0.0295767571483066
43.2884615384615,0.0295934060311524
43.3076923076923,0.0296098820644308
43.3269230769231,0.0296261845174962
43.3461538461538,0.0296423126643025
43.3653846153846,0.0296582657834737
43.3846153846154,0.029674043158374
43.4038461538462,0.0296896440771768
43.4230769230769,0.0297050678329355
43.4423076923077,0.0297203137236519
43.4615384615385,0.0297353810523461
43.4807692307692,0.0297502691271255
43.5,0.0297649772612531
43.5192307692308,0.029779504773217
43.5384615384615,0.0297938509867979
43.5576923076923,0.0298080152311378
43.5769230769231,0.0298219968408076
43.5961538461538,0.0298357951558749
43.6153846153846,0.0298494095219709
43.6346153846154,0.0298628392903581
43.6538461538462,0.0298760838179965
43.6730769230769,0.0298891424676101
43.6923076923077,0.0299020146077531
43.7115384615385,0.0299146996128758
43.7307692307692,0.0299271968633894
43.75,0.029939505745732
43.7692307692308,0.0299516256524323
43.7884615384615,0.0299635559821745
43.8076923076923,0.0299752961398621
43.8269230769231,0.0299868455366813
43.8461538461538,0.029998203590164
43.8653846153846,0.0300093697242508
43.8846153846154,0.0300203433693529
43.9038461538462,0.0300311239624139
43.9230769230769,0.0300417109469713
43.9423076923077,0.0300521037732172
43.9615384615385,0.0300623018980586
43.9807692307692,0.0300723047851774
44,0.0300821119050897
44.0192307692308,0.0300917227352044
44.0384615384615,0.0301011367598756
44.0576923076923,0.0301103534704615
44.0769230769231,0.0301193723653899
44.0961538461538,0.0301281929502147
44.1153846153846,0.0301368147376718
44.1346153846154,0.0301452372477345
44.1538461538462,0.0301534600076686
44.1730769230769,0.0301614825520864
44.1923076923077,0.0301693044230001
44.2115384615385,0.0301769251698751
44.2307692307692,0.0301843443496821
44.25,0.0301915615269491
44.2692307692308,0.0301985762738117
44.2884615384615,0.0302053877972955
44.3076923076923,0.0302119956898523
44.3269230769231,0.030218399551658
44.3461538461538,0.0302245989906619
44.3653846153846,0.0302305936226341
44.3846153846154,0.0302363830712132
44.4038461538462,0.0302419669679529
44.4230769230769,0.0302473449523673
44.4423076923077,0.0302525166719764
44.4615384615385,0.0302574817823497
44.4807692307692,0.03026223994715
44.5,0.0302667908381759
44.5192307692308,0.0302711341354031
44.5384615384615,0.0302752695270257
44.5576923076923,0.0302791967094959
44.5769230769231,0.0302829153875635
44.5961538461538,0.0302864252743139
44.6153846153846,0.0302897260912055
44.6346153846154,0.0302928175681064
44.6538461538462,0.0302956994433301
44.6730769230769,0.03029837146367
44.6923076923077,0.0303008333844331
44.7115384615385,0.0303030849694734
44.7307692307692,0.0303051259912231
44.75,0.0303069562307246
44.7692307692308,0.0303085754776594
44.7884615384615,0.0303099835303781
44.8076923076923,0.0303111801959281
44.8269230769231,0.0303121652900808
44.8461538461538,0.030312938637358
44.8653846153846,0.0303135000710566
44.8846153846154,0.0303138494332732
44.9038461538462,0.0303139865749271
44.9230769230769,0.0303139113557824
44.9423076923077,0.0303136236444691
44.9615384615385,0.0303131233185034
44.9807692307692,0.0303124102643064
45,0.0303114843772224
45.0192307692308,0.0303103455615355
45.0384615384615,0.0303089937304865
45.0576923076923,0.0303074288062891
45.0769230769231,0.0303056507201453
45.0961538461538,0.0303036594122579
45.1153846153846,0.0303014548318422
45.1346153846154,0.0302990369371359
45.1538461538462,0.0302964056954091
45.1730769230769,0.0302935610829721
45.1923076923077,0.0302905030851825
45.2115384615385,0.0302872316964514
45.2307692307692,0.0302837469202484
45.25,0.0302800487691048
45.2692307692308,0.030276137264617
45.2884615384615,0.0302720121352262
45.3076923076923,0.0302676734256865
45.3269230769231,0.0302631211897768
45.3461538461538,0.0302583554902996
45.3653846153846,0.0302533763990783
45.3846153846154,0.0302481839969536
45.4038461538462,0.030242778373778
45.4230769230769,0.0302371596284106
45.4423076923077,0.0302313278687088
45.4615384615385,0.0302252832115207
45.4807692307692,0.030219025782675
45.5,0.0302125557169704
45.5192307692308,0.0302058731581634
45.5384615384615,0.0301989782589554
45.5576923076923,0.030191871180978
45.5769230769231,0.0301845520947779
45.5961538461538,0.0301770211797997
45.6153846153846,0.0301692786243685
45.6346153846154,0.0301613246256705
45.6538461538462,0.0301531593897329
45.6730769230769,0.0301447831314022
45.6923076923077,0.0301361960743222
45.7115384615385,0.0301273984509093
45.7307692307692,0.0301183905023286
45.75,0.0301091724784667
45.7692307692308,0.0300997446379053
45.7884615384615,0.0300901072478921
45.8076923076923,0.0300802605843114
45.8269230769231,0.0300702049316535
45.8461538461538,0.0300599405829822
45.8653846153846,0.0300494678399021
45.8846153846154,0.0300387870125243
45.9038461538462,0.0300278984194307
45.9230769230769,0.0300168023876378
45.9423076923077,0.0300054992525587
45.9615384615385,0.0299939893579642
45.9807692307692,0.0299822730559431
46,0.029970350706861
46.0192307692308,0.0299582226793178
46.0384615384615,0.029945889350114
46.0576923076923,0.0299333511042081
46.0769230769231,0.0299206083346632
46.0961538461538,0.0299076614426012
46.1153846153846,0.0298945108371538
46.1346153846154,0.0298811569354145
46.1538461538462,0.0298676001623885
46.1730769230769,0.0298538409509412
46.1923076923077,0.0298398797417466
46.2115384615385,0.0298257169832341
46.2307692307692,0.0298113531315341
46.25,0.029796788650423
46.2692307692308,0.0297820240112668
46.2884615384615,0.0297670595036314
46.3076923076923,0.0297518956177913
46.3269230769231,0.0297365328513956
46.3461538461538,0.0297209717094073
46.3653846153846,0.0297052127040429
46.3846153846154,0.0296892563547107
46.4038461538462,0.0296731031879476
46.4230769230769,0.0296567537373555
46.4423076923077,0.0296402085435369
46.4615384615385,0.0296234681540288
46.4807692307692,0.0296065331232367
46.5,0.0295894040123667
46.5192307692308,0.0295720813893575
46.5384615384615,0.029554565828811
46.5576923076923,0.0295368579119226
46.5769230769231,0.0295189582264098
46.5961538461538,0.0295008673664407
46.6153846153846,0.0294825859325614
46.6346153846154,0.0294641145316227
46.6538461538462,0.029445453776706
46.6730769230769,0.029426604287048
46.6923076923077,0.0294075666879654
46.7115384615385,0.0293883416107779
46.7307692307692,0.0293689296927319
46.75,0.0293493315769215
46.7692307692308,0.0293295479122106
46.7884615384615,0.0293095793531534
46.8076923076923,0.0292894265599143
46.8269230769231,0.0292690901981874
46.8461538461538,0.0292485709391152
46.8653846153846,0.0292278694592065
46.8846153846154,0.0292069864402541
46.9038461538462,0.0291859225692518
46.9230769230769,0.0291646785383104
46.9423076923077,0.0291432550445737
46.9615384615385,0.0291216527901334
46.9807692307692,0.0290998724819445
47,0
0,0
0,0
0,0
0,0
0,0
0,0
0,0
0,0
0,0
0,0
0,0
0,0
0,0
0,0
0,0
0,0
0,0
0,0
0,0
0,0
0,0
0,0
0,0
0,0
0,0
0,0
0,0
0,0
0,0
0,0
0,0
0,0
0,0
0,0
0,0
0,0
0,0
0,0
0,0
0,0
0,0
0,0
0,0
0,0
0,0
0,0
0,0
0,0
0,0
0,0
0,0
