"Clr","Dedr","Age","Brt","Dwt","Value","HP","Stroke","Code1"
130434,97747,13,18155,26820,24084830,11829,0,7
272909,97747,14,18155,26820,24084830,11829,0,7
410188,135345,32,20633,29272,19335000,9600,0,1
171390,96675,40,6730,7450,3867000,1850,1,1
159255,128455,22,22706,35100,19335000,10700,1,1
318883,135345,43,18531,28591,3867000,8750,0,1
288342,119352,12,6398,8734,15375788,3800,1,1
160205,119352,11,7556,11339,16960269,3798,1,1
985069,99998,3,11426,16700,29676762,8973,1,6
350819,119352,13,6398,8734,15375788,3800,1,1
490324,119352,12,7556,11339,16960269,3798,1,1
99295,51612,1,50000,53000,39121714,47447,0,3
456893,51612,6,34231,45696,33741188,22350,0,3
101772,51612,16,10243,6704,5548264,14410,1,3
170732,51612,15,13998,9649,10322352,7770,0,3
269400,51612,15,13998,9649,10322352,7770,0,3
488802,99998,5,10000,16710,27741321,8973,1,6
482318,99998,4,10000,16710,29676762,8973,1,6
981432,51612,2,53324,63645,40553940,47447,0,3
980669,45160,2,53324,63645,40553940,47447,0,3
310742,45160,18,18591,3245,38708820,13200,1,8
148339,51612,16,10243,6704,5548264,14410,1,3
147945,45160,16,10243,6704,5548264,14410,1,3
183835,51612,16,14377,13935,11354587,6500,0,7
183802,45160,16,14377,13935,11354587,6500,0,7
225801,51612,11,24084,11700,16741565,14412,1,4
196019,45160,11,24084,11700,16741565,14412,1,4
89275,51612,16,13998,9649,10322352,7770,0,3
89269,45160,16,13998,9649,10322352,7770,0,3
133997,51612,3,31000,37000,36063717,38542,0,3
92964,51612,3,31000,37000,36063717,38542,0,3
110998,51612,3,31000,37000,36063717,38542,0,3
110977,45160,3,31000,37000,36063717,38542,0,3
82570,45160,3,31000,37000,36063717,38542,0,3
133991,45160,3,31000,37000,36063717,38542,0,3
92939,45160,3,31000,37000,36063717,38542,0,3
296894,99998,6,10000,16710,27741321,8973,1,6
228552,99998,6,10000,16710,27741321,8973,1,6
208688,99998,6,10000,16710,27741321,8973,1,6
164512,99998,6,10000,16710,27741321,8973,1,6
372675,99998,5,10000,16710,29676762,8973,1,6
200093,99998,5,10000,16710,29676762,8973,1,6
253587,99998,5,10000,16650,29676762,8973,1,6
149573,99998,5,10000,16650,29676762,8973,1,6
156140,99998,4,11426,17078,30321909,8973,1,6
2393283,99998,4,11500,17078,30321909,8973,1,6
635781,58708,16,6389,8721,15376434,3510,1,1
326007,58708,15,6389,8709,15375788,3510,1,1
86933,45160,8,34231,45696,32450894,22350,0,3
94908,45160,8,34231,45696,33741188,22350,0,3
316237,45160,8,34231,45696,33741188,22350,0,3
209159,45160,17,45051,75466,33547644,14860,0,1
658931,45160,17,45051,75466,33547644,14860,0,1
167017,45160,17,45051,75466,33547644,14860,0,1
1238682,45160,14,25353,12019,17922184,14412,1,3
215027,45160,17,14377,13355,11354587,6500,0,7
93191,45160,18,10243,6704,5548264,14410,1,3
120304,45160,3,53324,63645,39121714,47447,0,3
132667,45160,3,53324,63551,38992685,47447,0,3
116687,45160,3,53324,63551,38992685,47447,0,3
1713260,45160,3,53324,63645,39186229,47447,0,3
207211,45160,3,53324,63645,46482841,47447,0,3
121984,45160,3,53324,63645,40553940,47447,0,3
326061,45160,3,25499,33950,38366892,21752,0,3
168091,45160,5,36615,69045,14806124,10500,0,1
218654,88326,19,18591,3245,38708820,13200,1,8
172479,80643,8,5480,9028,13548087,5155,0,6
446701,96772,7,10000,16710,26451027,8973,1,6
402762,96772,6,10000,16710,27741321,8973,1,6
951181,96772,5,11426,17078,27096174,8973,1,6
293249,51612,5,31131,38650,35225026,38542,0,3
293245,51612,5,31131,38650,35225026,38542,0,3
1315168,51612,9,34231,45696,32450894,22350,0,3
454536,51612,9,34231,45696,32450894,22350,0,3
1515171,51612,9,34231,45696,32450894,22350,0,3
482176,45161,11,18000,26288,28709042,13595,0,3
556117,51612,11,18000,26288,28709042,13595,0,3
556117,51612,11,18000,26288,28709042,13595,0,3
157587,45160,7,19819,22300,9225602,15598,0,3
130739,51612,15,25353,12019,17922184,14412,1,3
228264,51612,15,25353,12019,17922184,14412,1,3
78396,45160,13,24084,11700,16741565,14412,1,4
105162,51612,13,24084,11700,16741565,14412,1,4
154033,45160,18,14377,13355,11354587,6500,0,7
161287,51612,18,14377,13355,11354587,6500,0,7
152461,51612,18,14377,13355,11354587,6500,0,7
340914,45160,18,13998,9649,10322352,7770,0,3
337257,51612,18,13998,9649,10322352,7770,0,3
339010,51612,18,13998,9649,10322352,7770,0,3
274520,51612,3,53324,63645,39121714,47447,0,3
274517,51612,3,53324,63645,39121714,47447,0,3
385286,80000,4,53324,63645,39121714,47447,0,3
249217,100944,4,53324,63645,39121714,47447,0,3
350446,51612,4,53324,63645,39121714,47447,0,3
184602,45161,4,53324,63527,39186229,47447,0,3
103235,45160,4,53324,63523,47250566,47447,0,3
157066,45161,4,53324,63645,46482841,47447,0,3
157591,51613,4,53324,63645,40553940,47447,0,3
158866,51613,4,53324,63645,40553940,47447,0,3
140199,45160,3,53324,63537,46424778,47447,0,3
114981,26389,3,53324,63537,46424778,47447,0,3
140200,51612,3,53324,63537,46424778,47447,0,3
625793,45160,4,155061,322398,41553918,29450,0,1
3452020,45160,4,155061,322398,41553918,29450,0,1
106857,45160,4,155061,322398,41553918,29450,0,1
107320,45160,4,155061,322398,41553918,29450,0,1
677404,96772,4,155061,322398,41553918,29450,0,1
3503632,96772,4,155061,322398,41553918,29450,0,1
155541,96772,4,155061,322398,41553918,29450,0,1
677404,96772,4,155061,322398,41553918,29450,0,1
3433307,96772,4,155061,322398,41553918,29450,0,1
140409,96772,4,155061,322398,41553918,29450,0,1
2113720,45160,20,18591,3245,38708820,13200,1,8
1224622,96772,7,10000,16710,27741321,8973,1,6
104956,45160,6,36615,69045,14806124,10500,0,1
111412,51612,6,36615,69045,14806124,10500,0,1
111407,51612,6,36615,69045,14806124,10500,0,1
115702,51612,10,14332,24740,28644527,8973,1,6
205087,51612,9,14332,23400,28644527,10115,1,6
144682,45000,2,25630,33900,15096440,26932,0,3
243713,145158,12,33336,5083,72256464,26648,1,5
308863,145158,11,33336,5120,72256464,26648,1,5
453917,99999,2,4400,5600,9548176,5384,1,3
233427,64516,5,53324,63527,39186229,47447,0,3
155644,45160,5,53324,63527,39186229,47447,0,3
165983,45160,4,53324,63537,46424778,47447,0,3
203661,64515,5,53324,63645,46482841,47447,0,3
156128,45160,5,53324,63645,46482841,47447,0,3
201005,126180,5,53324,63523,47250566,47447,0,3
201028,45160,5,53324,63523,47250566,47447,0,3
842504,126180,6,31000,37000,12644881,38542,0,3
1680546,883260,6,31000,37000,12644881,38542,0,3
938097,883260,6,31000,37000,12644881,38542,0,3
86917,51612,16,25353,12019,17922184,14412,1,3
133629,51612,16,25353,12019,17922184,14412,1,3
402570,84749,28,11999,4211,20480784,16000,1,5
964708,94635,10,19643,29271,33937937,12100,0,7
161961,107253,5,10018,9965,31748392,8157,0,7
365922,111669,5,23496,29458,46815480,12510,0,7
729632,65159,10,2298,300,21719779,1379,1,8
158932,96772,4,155061,322398,57159540,29450,0,1
554199,49479,6,11426,17078,27096220,8973,1,6
104178,45000,4,16200,22420,10977660,18120,0,3
136201,63090,22,7114,1849,5804280,4500,1,2
300093,126180,3,11591,4442,34068600,13378,1,2
165503,100944,16,16250,23434,17204643,13460,0,3
173513,100944,5,23400,33570,40000322,22187,0,3
145271,100944,16,16250,23465,17204643,9245,0,3
586321,100944,4,25624,33914,40000322,23384,0,3
307067,69904,11,6419,6830,10599120,9049,0,2
101449,69904,1,14240,18400,23848020,13609,0,3
107758,69904,6,10925,13700,18548460,13228,1,3
135216,69904,18,2699,4028,3533040,2000,1,6
197927,50000,17,6398,8909,15376295,3800,1,1
245815,50000,17,6389,8709,15376295,3510,1,1
182489,50000,17,6389,8709,15376295,3510,1,1
302424,50000,20,6944,10110,13498736,4600,1,1
516291,178220,15,31598,6403,51899348,26100,1,3
6122918,145157,12,33336,5120,72256586,26648,1,5
301016,37450,17,3329,4127,3873726,3019,1,2
232094,75000,4,4115,5184,9084960,5384,1,2
562311,94635,20,13998,9649,10346760,7770,0,3
394880,94635,20,13998,9649,10346760,7770,0,3
614181,126180,8,36615,69045,17034300,10500,0,1
1072530,126180,7,36615,70165,16403400,10500,0,1
4917840,126180,17,25353,10788,12618000,14412,1,5
195579,126180,17,25353,10788,12618000,14412,1,5
883260,126180,20,45051,75466,8075520,14860,0,1
206273,126180,6,53324,63645,44163000,47447,0,3
201762,126180,6,53324,63523,50472000,47447,0,3
205408,126180,6,53324,63564,38611080,47447,0,3
285205,63090,7,21367,32250,31545000,11338,1,6
479484,100944,5,25624,33914,40000322,23384,0,3
290214,100944,5,25624,33914,40000322,23384,0,3
318979,100944,17,16250,23434,17204643,13460,0,3
101449,69904,2,23132,30537,30914100,21460,0,2
293596,69904,7,10925,13700,18548460,13228,1,3
101449,69904,6,10925,13700,18548460,13228,1,3
669259,69904,11,10376,12835,14573790,11964,1,3
200018,69904,12,6420,6817,10599120,9049,0,2
168754,69904,22,2690,3914,3533040,2450,1,6
151118,94635,3,5061,857,52127482,5070,1,8
164103,82017,0,14000,18400,22081500,15036,0,3
189270,75708,5,4115,5199,9084960,5384,1,2
368698,53466,26,1176,800,3564400,6160,1,9
273701,62377,28,846,813,1996064,2300,1,9
122261,62377,30,836,892,2851520,4000,1,9
1469102,534660,5,69153,6260,327924800,54040,1,8
369313,178220,20,25122,10500,49901600,17700,0,4
324367,178220,20,25122,10500,49901600,17700,0,4
255676,178220,23,9085,3775,5346600,18171,1,5
115479,71288,29,3040,711,4705008,5600,1,4
118785,71288,28,4211,1045,2352504,9462,1,4
228960,178220,25,8023,3927,5346600,11400,1,5
417088,178220,26,4259,7078,8911000,12000,1,5
768884,178220,26,4377,4035,7128800,12000,1,5
903465,178220,10,22986,6584,49901600,24416,1,5
413036,178220,21,25122,10500,49901600,17700,0,4
413445,178220,21,25122,10500,49901600,17700,0,4
416947,178220,21,25122,10500,49901600,17700,0,4
273469,71288,30,3040,711,2530724,5600,1,4
128269,55694,2,23987,9415,40099500,13378,1,3
106408,55694,2,23987,9755,40099500,13378,1,3
397997,178220,15,31785,6403,32792480,26100,1,5
785951,178220,26,8023,3927,5346600,11400,1,5
1374013,178220,27,4377,4035,7128800,12000,1,5
402464,178220,15,26433,4213,62377000,31404,1,5
453655,178220,22,20446,3605,37426200,24000,1,4
805970,44940,37,2632,660,2217040,3450,0,8
306165,74900,9,439,50,5392800,5544,1,8
369804,74900,6,269,50,3834880,3466,1,8
152016,74900,8,478,100,2396800,4864,1,4
154706,74900,8,478,100,2396800,4864,1,4
1090375,149800,5,9650,850,44940000,12240,1,5
219415,149800,21,1568,305,2396800,1700,1,4
233024,149800,7,225,100,2022300,3646,0,8
702792,74900,19,2119,1778,2996000,3005,1,2
208491,74900,19,2119,1778,2996000,3005,1,2
381570,149800,3,11386,4210,59920000,12236,1,5
611465,149800,6,3695,1773,10036600,3594,1,4
407215,149800,8,2036,858,5992000,5002,1,4
174822,74900,7,2631,635,10905440,3260,1,4
352866,74900,2,1264,820,10066560,3072,1,4
359051,52430,0,1875,700,9986717,3480,1,4
516955,74900,27,737,199,2996000,1250,0,3
156163,74900,15,1974,1002,5033280,2826,0,3
317617,74900,6,172,17,2157120,1998,1,4
722490,29960,2,4200,6254,8988000,3589,1,1
186822,74900,22,1262,1150,2756320,1125,1,2
118375,74900,13,1280,662,6950720,1997,1,4
123867,74900,16,1984,1002,5992000,2300,0,4
1024051,149800,7,3695,1773,10036600,3603,1,4
380222,149800,28,1393,344,2696400,2200,1,4
84347,44940,22,16788,17190,13482000,9300,0,1
191094,59920,2,2598,2752,22470000,15008,1,9
108051,44940,3,2926,3044,26215000,14738,1,9
210400,44940,2,2955,3037,26215000,14738,1,9
95636,44940,18,570,500,2546600,1500,1,9
78556,44940,48,843,1000,2247000,1500,1,9
232190,52430,1,2500,700,9986717,3480,1,4
577289,74900,22,2119,1778,2996000,3005,1,2
158468,29960,17,1439,607,8988000,3000,0,4
119840,74900,12,1587,680,7789600,2446,0,4
188687,74900,9,2631,635,10905440,3260,1,4
227003,74900,17,1984,1002,5992000,2300,0,4
172787,74900,22,996,530,4434080,1300,0,4
233006,149800,24,1568,305,2996000,1700,1,4
211812,149800,22,1006,491,2247000,1299,1,4
262136,44940,28,1154,663,3745000,5300,1,9
125670,44940,49,843,1000,2247000,1500,1,9
219705,44940,49,843,1000,2247000,1500,1,9
303665,14980,12,3667,840,8748320,2637,1,3
167897,112350,26,20581,2857,16058560,24000,1,5
238217,112350,26,20581,2857,16058560,24000,1,5
273737,74900,8,3780,797,10905440,3600,1,3
149067,29960,10,236,50,2247000,3668,1,8
105116,14980,2,1656,405,10680740,2664,1,4
202021,14980,2,1656,405,10680740,2664,1,4
183802,59920,11,2637,4000,14980000,6602,1,9
556058,59920,2,6083,4700,65912000,17130,1,9
224700,149800,8,3609,1227,3370500,1264,1,5
195350,52430,2,2500,700,9986717,3480,1,4
245136,44940,25,1322,1100,5093200,7040,1,9
97912,29960,10,1183,575,8388800,2148,0,4
292657,74900,17,1974,1002,5033280,2826,0,3
541791,74900,4,1182,597,10186400,2528,1,8
190259,74900,9,3780,797,10905440,3600,1,3
103243,14980,26,1220,490,1198400,1650,1,3
97370,59920,6,3171,4170,23968000,7992,1,9
136687,59920,3,2656,2900,31158400,15000,1,9
226165,59920,3,6083,4700,65912000,17130,1,9
125217,44940,16,3149,2690,12485830,13200,1,9
464739,44940,16,3149,2690,12485830,13200,1,9
91259,44940,16,3149,2690,12485830,13200,1,9
244174,149800,9,3695,1773,10036600,3603,1,4
106543,59920,20,2169,2512,8988000,6120,1,9
187250,59920,12,2610,3050,13781600,6602,1,9
149800,59920,8,3052,4550,17751300,3590,1,9
112350,59920,3,3485,2964,33705000,19224,1,9
285116,29960,7,1793,2500,17976000,4000,1,4
126973,29960,13,3997,788,11984000,3600,1,4
448559,29960,14,3667,840,11085200,2637,1,4
71776,29960,17,3692,785,11085200,2640,1,3
124831,29960,21,1436,446,2696400,2035,0,3
115276,29960,21,1436,446,2696400,2035,0,3
158794,44940,13,236,50,2247000,3668,1,8
68694,29960,28,821,250,1498000,1375,0,4
1049527,44940,0,1950,680,20223000,7296,1,5
148547,59920,25,3502,2404,22470000,7886,1,9
1183420,59920,16,2499,1821,15579200,12004,1,9
109381,59920,19,3254,3119,10785600,7200,0,9
104860,59920,2,4456,4400,34753600,7992,1,9
286071,99999,15,3186,1078,14980000,4524,1,4
1707720,59920,0,4000,2000,34753600,11556,1,9
1285284,59920,28,1314,1200,5392800,7040,1,9
142890,59920,30,1154,663,3745000,5300,1,9
248571,59920,30,1154,663,3745000,5300,1,9
209720,149800,24,1006,491,2247000,1299,1,4
306114,112350,15,15064,2880,41674360,20800,1,5
627441,187250,18,2065,1478,3595200,2000,0,2
627441,187250,18,2065,1478,3595200,2000,0,2
417368,187250,20,2195,1900,3595200,1960,0,2
417368,187250,20,2195,1900,3595200,1960,0,2
1470226,112350,16,15064,2880,41674360,20800,1,5
139615,37450,17,3432,6157,6995660,4400,1,2
96161,37450,17,3432,6157,6995660,4400,1,2
96491,44940,8,1274,1869,3497830,1509,1,6
101471,37450,15,1646,1119,8089200,4500,1,9
187099,37450,12,2508,900,12583200,5757,1,9
237646,29960,23,631,700,1011150,1080,1,3
92604,29960,23,631,700,1011150,1080,1,3
15265092,149800,18,35438,3210,78195600,23672,1,5
528625,149800,18,35438,3210,78195600,23672,1,5
1292411,149800,12,31914,4606,76547800,26916,1,5
78043,44940,8,2637,4000,13781600,6602,1,9
125670,74900,28,8772,1710,14980000,15600,1,5
242468,187250,22,2316,3400,5692400,2880,1,6
242468,187250,22,2316,3400,5692400,2880,1,6
85965,29960,2,3500,4250,8988000,2828,1,1
317060,29960,2,3500,4250,8988000,2828,1,1
162620,29960,2,3500,4250,8988000,2828,1,1
433716,44940,14,2535,1719,11010300,11990,1,9
438982,187250,9,3206,4739,16478000,4077,1,6
438982,187250,9,3206,4739,16478000,4077,1,6
110028,44940,17,1971,2450,12583200,13040,1,9
196669,44940,7,2766,2418,13781600,14400,1,9
2958550,112350,31,1628,624,7789600,1500,1,9
399214,149800,7,9650,850,48685000,12240,1,5
109094,37450,19,4101,6157,6995660,4400,1,1
2029991,149800,3,11350,800,74900000,12236,1,5
152586,44940,15,2535,1719,11010300,11990,1,9
234392,149800,20,29706,3630,67410000,29200,0,5
1051555,37450,18,1646,1119,10186400,4500,1,9
264412,187250,10,3206,4794,16478000,4077,1,6
264412,187250,10,3206,4794,16478000,4077,1,6
270813,187250,15,4876,4525,13182400,4076,1,2
270813,187250,15,4876,4525,13182400,4076,1,2
224446,187250,19,7307,5500,11984000,5800,1,2
224446,187250,19,7307,5500,11984000,5800,1,2
270931,149800,7,11204,860,48685000,12236,1,5
224348,149800,5,11200,850,53928000,15308,1,5
93673,44940,17,1910,29800,9587200,5250,1,9
855106,44940,18,1971,2056,12583200,13040,1,9
262671,44940,8,2766,2418,23968000,14400,1,9
183828,44940,8,2766,2395,22170400,14400,1,9
2890332,37450,12,4471,3728,14980000,3000,1,2
166713,37450,20,4101,6157,6995660,4400,1,1
1291759,149800,17,34417,3019,72653000,35888,1,5
294720,112350,20,21699,2880,41674360,20800,1,5
181247,44940,26,2602,3092,1198400,2400,1,2
316334,44940,23,2062,2525,1198400,2200,1,2
69706,37450,21,4101,6157,6995660,4400,1,1
322070,59920,22,1621,2013,10186400,10560,1,9
239680,59920,22,1621,2013,10186400,10560,1,9
3655120,59920,7,3052,4550,20372800,3590,1,9
134820,59920,5,3057,2750,31757600,16810,1,9
389480,59920,4,3125,2900,34154400,16804,1,9
606690,52430,3,6951,4500,35952000,11746,1,9
99709,29960,19,2019,2250,14380800,12724,1,9
150771,44940,18,2686,2685,16178400,12000,1,9
97836,44940,18,3385,2460,19773600,17932,0,9
155999,44940,7,3051,4250,22170400,9096,0,9
101206,44940,5,3061,4587,22170400,9096,0,9
313954,59920,7,6045,9494,21975660,5384,1,6
282598,59920,4,9814,15990,29960000,8075,1,6
756282,59920,12,3998,6519,17466680,4395,1,6
1201789,153189,16,69313,129154,50634947,19520,0,6
247563,153189,16,69313,129154,50634947,19520,0,6
292110,187250,11,4433,6782,14980000,4486,1,6
309372,34745,22,7454,9060,14829273,6000,1,1
461175,1e+05,8,6959,6200,1.7e+07,9086,1,4
645117,1e+05,8,6959,6200,1.7e+07,9086,1,4
130511,75000,6,5378,8491,1.8e+07,4799,1,6
105670,75000,6,5378,8491,1.8e+07,4799,1,6
688510,75000,7,5378,8491,1.6e+07,4799,1,6
694467,250000,21,5190,2424,25860000,8790,1,4
175000,50000,12,2285,1897,1.6e+07,13204,1,9
1e+05,50000,12,2287,1848,1.6e+07,13204,1,9
110000,50000,12,2287,1848,1.6e+07,13204,1,9
1250000,50000,7,1310,1797,8500000,3596,1,4
150000,1e+05,23,739,850,2400000,2480,1,9
108226,75000,23,13439,21090,2700000,10500,0,6
581529,5e+05,20,25268,38747,10750000,13100,0,2
579734,5e+05,23,24787,38325,7e+06,13100,0,2
631630,5e+05,23,21117,39082,7e+06,13100,0,2
245695,150000,15,21568,39293,23335000,11200,0,6
2299117,150000,17,20698,37572,19334000,15600,1,6
275375,1e+05,9,18023,29998,15200000,9060,0,6
183458,1e+05,14,33405,35890,5e+06,23800,0,3
628283,1e+05,19,51982,49730,5e+06,26640,0,3
353850,150000,3,156752,298816,68800000,36960,0,6
120770,75000,8,11425,14910,1.4e+07,7120,0,6
982290,75000,8,11425,14910,1.4e+07,7120,0,6
287023,150000,10,52524,84395,2.1e+07,19080,0,6
429800,250000,2,33364,44236,3.4e+07,15600,0,2
1813226,150000,20,26066,45065,8e+06,15200,0,1
256906,150000,18,24030,44016,1e+07,15200,0,1
826045,5e+05,6,73937,8600,2.84e+08,29364,1,8
823831,5e+05,5,73937,8600,2.84e+08,29692,1,8
1281580,5e+05,7,48563,5344,2e+08,22024,1,8
954918,5e+05,15,37584,5237,1e+08,22400,1,8
1343311,5e+05,15,37584,5237,1e+08,22400,1,8
1177335,5e+05,15,37584,5237,1e+08,22400,1,8
1224027,5e+05,15,37584,5237,1e+08,22400,1,8
1318635,5e+05,0,76000,6300,2.84e+08,68520,1,8
605998,350000,24,28018,5936,5.6e+07,18000,0,8
605998,350000,24,28018,5936,5.6e+07,18000,0,8
1429037,4e+05,17,25611,1703,1e+08,26000,1,8
1429037,4e+05,17,25611,1703,1e+08,26000,1,8
285312,2e+05,20,11903,17161,7500000,12000,0,2
108983,50000,12,3398,2979,6850000,4080,1,2
322480,50000,12,3399,2900,6850000,4080,1,2
96012,50000,18,3624,4348,1800000,3180,1,2
378659,50000,18,3624,4348,1800000,3180,1,2
86079,50000,21,2688,1284,2e+06,3600,1,2
80340,50000,21,2688,1284,2e+06,3600,1,2
91000,50000,14,1072,1525,2750000,2400,1,2
373986,50000,14,1072,1525,2750000,2400,1,2
212356,1e+05,5,41189,74928,45340000,9850,0,1
245266,1e+05,4,41189,74868,44680000,10900,0,1
183348,1e+05,6,17018,29999,1.6e+07,6662,0,6
589038,1e+05,16,40285,88726,1.2e+07,15800,0,6
2553953,1e+05,7,43398,84040,23890000,10900,0,6
179080,1e+05,21,17487,31955,4670000,12000,0,6
203459,1e+05,9,43406,59999,19340000,10900,0,6
1571907,150000,17,39976,81634,11600000,18500,0,6
215000,65000,6,75675,150108,3e+07,14199,0,1
1964554,45000,9,18055,29997,1.8e+07,10900,0,6
644653,5e+05,24,128760,244677,2e+07,32999,0,1
848256,5e+05,6,52926,5000,2.6e+08,28796,1,8
841619,5e+05,6,52926,5000,2.6e+08,28796,1,8
260316,150000,9,79544,139764,36500000,18850,0,6
215693,125000,5,66671,123665,6.5e+07,20023,0,6
146307,1e+05,24,41814,32753,5e+06,29610,0,3
563173,1e+05,2,50350,59093,5e+06,42116,0,3
154637,1e+05,28,24699,28225,2100000,19999,0,3
448791,1e+05,19,43674,38757,5e+06,53276,0,3
195440,1e+05,14,33405,35890,5e+06,23800,0,3
141249,99999,14,33405,35890,5e+06,23800,0,3
274761,1e+05,25,56822,48544,5e+06,50880,0,3
586369,1e+05,8,50235,59367,5e+06,36000,0,3
525483,1e+05,4,50235,59093,5e+06,42116,0,3
108680,60000,14,3960,5220,6100000,5500,1,2
269975,1e+05,12,19510,29152,1.5e+07,6600,1,1
227420,1e+05,14,5829,10110,11600000,4600,1,1
458076,150000,9,9975,800,5.6e+07,9898,1,8
416248,150000,9,9975,800,5.6e+07,9898,1,8
326523,150000,9,9975,800,5.6e+07,9898,1,8
108025,75000,16,9435,15721,3400000,6150,0,2
2115162,1e+05,16,37323,62180,6e+06,16880,1,1
123100,75000,15,22585,40490,11600000,10876,0,6
161857,125000,11,48676,15577,31700000,16110,0,2
533017,150000,13,37168,60550,27050000,11900,0,1
408075,250000,4,156837,300364,63700000,26000,0,6
207291,1e+05,13,22009,37696,8334000,6936,0,1
199812,1e+05,21,8182,13114,4e+06,8483,0,6
797993,150000,13,35904,65402,27050000,15200,0,1
302514,75000,6,6262,10511,1.7e+07,5030,0,7
2609623,3e+05,31,32753,7682,2.4e+07,39999,0,8
357753,3e+05,31,32753,7682,2.4e+07,39999,0,8
5047662,3e+05,31,32753,7682,2.4e+07,39999,0,8
287943,75000,4,6262,10500,1.7e+07,5030,0,6
1270971,175000,5,91642,165239,22750000,16314,0,1
700075,4e+05,4,19089,1800,9e+07,17828,1,8
700075,4e+05,4,19089,1800,9e+07,17828,1,8
228384,150000,6,4200,645,13340000,4782,1,8
340736,3e+05,15,18878,34982,2e+07,13200,0,6
340736,3e+05,15,18878,34982,2e+07,13200,0,6
372600,3e+05,14,13088,23002,2e+07,10500,0,6
372600,3e+05,14,13088,23002,2e+07,10500,0,6
1268502,2e+05,22,17527,16397,5e+07,29999,0,3
414936,2e+05,22,31515,16011,5e+07,29999,0,3
111050,75000,6,7239,9157,1.2e+07,10876,1,2
991388,50000,18,6832,5064,5e+06,4800,1,3
860214,5e+05,17,26191,38695,14750000,12000,0,2
1128085,5e+05,17,26191,38695,14750000,12000,0,2
1569982,5e+05,20,25552,38542,12550000,13100,0,2
741473,5e+05,24,21005,38635,7e+06,13100,0,2
2143659,1e+05,13,37814,53726,5e+06,28845,0,3
142714,1e+05,15,33405,35890,5e+06,23800,0,3
202506,1e+05,15,33405,35890,5e+06,23800,0,3
138249,1e+05,20,51982,49730,5e+06,26640,0,3
440048,1e+05,15,23930,29730,5e+06,14890,0,3
173168,99999,14,23790,29930,5e+06,14890,0,3
264759,1e+05,2,51931,60200,5e+06,43450,0,3
221084,1e+05,2,51931,51700,5e+06,43465,0,3
705148,1e+05,22,37286,34346,5e+06,53194,0,3
333564,1e+05,25,41814,32753,5e+06,29610,0,3
181190,75000,8,43398,84440,28500000,10900,0,6
296448,75000,8,43398,84440,28500000,10900,0,6
235000,75000,9,11425,14910,1.4e+07,7120,0,6
243859,150000,17,45777,78532,1e+07,15400,0,1
512850,150000,17,12783,12961,1.2e+07,11200,0,2
309409,150000,17,12783,12961,1.2e+07,11200,0,2
130074,1e+05,17,3875,6174,6e+06,4400,1,1
244082,1e+05,17,3875,6174,6e+06,4400,1,1
29731603,5e+05,7,73937,8600,2.84e+08,29364,1,8
391900,350000,13,25345,40790,19670000,10030,0,2
671034,150000,12,17814,29531,1.2e+07,9500,0,1
467985,1e+05,5,45593,83155,3.6e+07,10900,0,1
162960,1e+05,6,17018,29998,2e+07,6662,0,6
182978,1e+05,10,43406,59999,2.4e+07,10900,0,6
338054,1e+05,10,43406,59999,2.4e+07,11005,0,6
140306,1e+05,10,43406,59999,2.4e+07,11005,0,6
1358101,150000,10,59289,104984,2.4e+07,13812,0,6
1234910,4e+05,6,50760,5589,2.08e+08,25340,1,8
412101,350000,25,28018,5936,5.6e+07,18000,0,8
763943,4e+05,18,25611,1703,1e+08,26000,1,8
213744,150000,2,53639,94648,2500000,14160,0,6
327955,250000,9,16488,15600,2.9e+07,20650,0,3
203152,75000,15,17066,28192,7300000,8000,0,1
334152,75000,10,25740,41570,1.8e+07,9500,0,6
146782,1e+05,22,8341,12100,4200000,6000,1,1
192790,150000,11,17191,30052,1.4e+07,10876,0,1
490708,150000,10,79544,139764,36500000,18850,0,6
278173,150000,10,79544,139764,36500000,18850,0,6
1399950,1e+05,22,8182,14590,4e+06,8483,0,6
2e+05,150000,16,21568,39293,23335000,11200,0,6
2795649,150000,18,20698,37532,21334000,15600,1,6
183810,150000,17,15200,26300,12121000,11216,0,6
908965,150000,6,7884,12400,3.2e+07,8158,1,6
807468,150000,12,8002,12186,13334000,5574,1,6
285620,150000,14,35904,65318,26850000,15200,0,1
1405932,3e+05,32,32753,7682,2.4e+07,39999,0,8
134039,1e+05,6,7743,7721,1.2e+07,11012,0,2
159518,125000,17,41057,41985,1.5e+07,11200,0,6
169173,125000,17,41057,41985,1.5e+07,11200,0,6
299686,1e+05,16,26450,44993,1.3e+07,13600,0,6
436616,75000,5,6262,10550,1.7e+07,5030,0,6
260304,75000,5,6262,10650,1.7e+07,5030,0,6
478603,150000,11,23306,34752,1.4e+07,13134,0,1
187385,125000,17,31926,58327,15400000,14400,0,6
1253425,125000,16,47947,17863,22200000,18400,0,2
247497,75000,7,7239,9157,1.2e+07,10876,1,2
177705,75000,7,7239,9157,1.2e+07,10876,1,2
383936,3e+05,11,22637,40272,2.5e+07,10944,0,6
1054469,1e+05,17,37323,62180,6e+06,16880,1,1
744353,1e+05,2,26449,47369,2e+07,9970,0,1
314006,1e+05,15,22585,40520,12800000,10876,0,6
1872140,5e+05,2,76522,5700,2.84e+08,42824,1,8
709250,5e+05,6,47255,4300,1.88e+08,27134,1,8
1761417,1e+05,13,27470,39260,33400000,10970,0,2
1239326,1e+05,17,3363,5009,5.2e+07,5400,0,2
385500,125000,13,44543,22454,112280421,26400,1,3
223137,150000,10,52764,94998,21600000,12900,0,6
416021,75000,17,20053,30187,16800000,9000,0,1
400064,75000,17,20053,30187,16800000,9000,0,1
233794,50000,19,6832,5064,5e+06,4800,1,3
438946,3e+05,15,73935,130700,34200000,17940,0,6
246857,99999,20,43674,38757,5e+06,53276,0,3
412296,1e+05,4,50350,59093,5e+06,46796,0,3
344638,1e+05,27,24907,27953,5e+06,17100,0,3
18146664,1500000,7,70367,7200,2.6e+08,57424,1,8
852096,5e+05,11,5307,922,25600000,4281,1,8
315040,50000,16,4084,1442,1.3e+07,9600,1,9
1158335,50000,13,3398,2979,6850000,4080,1,2
133355,50000,13,3402,3073,6350000,4080,1,2
378512,50000,19,2249,2432,3500000,3400,1,2
1115817,175000,8,52086,96668,3.2e+07,12780,0,6
1708980,5e+05,29,70327,15521,2.4e+08,130005,1,8
1500000,150000,2,7617,9370,2500000,6093,0,2
196352,150000,17,76906,117906,2500000,13450,0,1
525184,150000,15,24900,33373,2500000,11999,0,1
228870,150000,15,24900,33373,2500000,11999,0,1
217028,150000,24,28580,59800,2500000,31999,0,2
235153,150000,24,28580,59800,2500000,31999,0,2
303777,150000,23,31515,16011,4e+07,29999,0,3
144105,1e+05,17,3875,6243,5400000,4400,1,1
320894,250000,13,20125,30402,1.5e+07,9800,0,2
369357,250000,21,26925,43052,7500000,13100,0,2
322964,250000,8,11878,17012,1.1e+07,5940,0,2
367609,250000,11,22637,40264,2e+07,10800,0,6
577283,350000,5,32744,45000,21334000,12300,0,2
423418,350000,13,27192,43759,14670000,10122,0,2
430864,1e+05,16,22309,36202,5400000,13050,0,1
396422,250000,21,129472,268038,1.2e+07,35999,0,6
276133,75000,4,11542,16900,1.5e+07,7776,0,1
152337,1e+05,14,19510,29095,1e+07,6600,1,1
344991,1e+05,18,3937,6186,3330000,3600,1,2
466282,75000,14,7845,11546,19100000,3800,1,1
202376,150000,16,21541,39270,24668000,15000,0,6
206578,1e+05,18,20885,38960,18400000,13100,0,6
436121,1e+05,18,20885,38960,18400000,13100,0,6
711937,1e+05,18,20885,38960,18400000,13100,0,6
484273,150000,7,7884,12400,3.2e+07,8158,1,6
220372,150000,14,5357,7918,8334000,6000,0,6
181097,150000,1,4425,6248,2.4e+07,4830,0,6
159993,125000,17,21057,42010,1.5e+07,11200,0,6
253043,75000,6,6262,10650,1.7e+07,5030,0,6
149872,75000,6,6262,10650,1.7e+07,5030,0,6
262734,110000,17,20381,13030,11500000,17946,1,3
505126,3e+05,5,23197,37221,6e+07,14193,0,6
1108000,3e+05,16,22587,39742,2e+07,11400,0,6
423032,3e+05,16,22587,39742,2e+07,11400,0,6
357029,3e+05,17,13088,23016,2e+07,10500,0,6
1337394,3e+05,1,23197,37300,6e+07,14193,0,6
486848,150000,10,21718,33239,16700000,8200,0,6
179530,1e+05,18,40285,88726,1.2e+07,15800,0,6
1287747,1e+05,18,37323,62180,6e+06,16880,1,1
3853744,350000,38,76049,13960,1.44e+08,40761,0,8
25970298,350000,7,50760,5589,2.08e+08,25340,1,8
1721574,350000,6,50760,4800,2.08e+08,25340,1,8
2013756,150000,3,79494,149591,38400000,22750,0,6
448250,150000,7,56020,98000,3.4e+07,13786,0,6
297198,1e+05,1,26966,46223,2.2e+07,8610,0,1
142308,75000,8,3023,3621,7600000,3520,1,7
146742,75000,17,6356,7850,8400000,3650,1,7
170251,75000,17,6808,6920,8e+06,5270,0,7
1902226,5e+05,1,76000,6300,2.84e+08,68520,1,8
685000,75000,9,43398,84040,28500000,10900,0,6
188340,75000,10,43398,84040,2.5e+07,10900,0,6
144775,75000,10,43398,83790,2.5e+07,10900,0,6
4307782,1e+05,13,43733,83970,1.9e+07,10900,0,6
234475,1e+05,8,17018,29999,14500000,6662,0,6
590740,1e+05,14,18011,30674,8e+06,8160,0,1
168603,1e+05,15,16861,28215,7e+06,8640,0,1
1106641,1e+05,4,56248,55242,5e+06,56093,0,3
271025,1e+05,16,33405,35890,5e+06,23800,0,3
287282,1e+05,21,51982,49730,5e+06,26640,0,3
184629,1e+05,15,23790,29930,5e+06,14890,0,3
445179,1e+05,19,28362,23678,5e+06,30150,0,3
172461,1e+05,3,51931,51700,5e+06,43465,0,3
326435,1e+05,10,50235,59367,5e+06,36000,0,3
156019,1e+05,22,43674,38757,5e+06,53280,0,3
149934,1e+05,19,19636,18250,5e+06,18345,0,3
134931,1e+05,27,24907,27978,3430000,17100,0,3
100062,50000,17,4084,1442,1.3e+07,9600,1,9
250000,75000,9,7946,12178,19600000,7586,0,7
776082,175000,4,81589,161425,25550000,19339,0,1
451336,41500,17,1924,2972,1e+07,6960,1,9
366810,150000,29,33221,49858,2500000,26000,0,2
211143,150000,15,37464,40881,2500000,26000,0,2
412521,150000,15,37464,40881,2500000,26000,0,2
203501,150000,11,2854,4871,2500000,2300,0,2
319408,150000,24,28487,46892,2500000,31999,0,2
189540,150000,24,28487,46892,2500000,31999,0,2
207774,150000,25,28580,41578,2500000,31999,0,2
194578,150000,25,28580,41578,2500000,31999,0,2
667280,150000,25,28580,41578,2500000,31999,0,2
1282854,150000,25,28580,41578,2500000,31999,0,2
5722474,5e+05,16,30767,42149,33400000,11655,0,1
338670,150000,22,30987,44926,4e+06,16800,0,1
291564,150000,18,33236,12969,9500000,11200,0,2
224720,150000,18,33236,12969,9500000,11200,0,2
410000,150000,4,56164,21423,3.6e+07,17470,0,2
1487533,2e+05,25,71822,50746,3e+07,30399,0,7
595757,150000,0,57757,21300,3.9e+07,21127,0,2
3e+05,150000,11,52422,23096,2.4e+07,12840,0,2
171209,1e+05,16,7724,10310,9400000,5910,0,7
5596154,350000,0,78200,7200,2.8e+08,68928,1,8
164807,53750,21,9878,12350,3e+06,6362,1,2
157231,75000,1,30415,46094,4.4e+07,9180,0,6
177423,75000,1,30415,46094,4.4e+07,9180,0,6
147463,1e+05,7,7944,11054,1.9e+07,14592,1,2
1228645,1e+05,15,9092,8900,1.9e+07,7680,0,2
244900,90000,18,2323,2530,6500000,2450,1,7
525505,90000,25,2077,2035,3e+06,2400,1,7
136180,90000,7,2223,2004,9e+06,1998,1,7
618454,90000,1,6000,5000,2.5e+07,6118,1,7
4790392,1500000,12,47262,6405,1.8e+08,31962,0,8
6812780,1500000,18,22919,6654,8.8e+07,26600,0,8
1552059,5e+05,30,70327,15521,2.4e+08,130005,1,8
744628,5e+05,36,30340,9000,3.6e+07,43999,0,8
744628,5e+05,36,30340,9000,3.6e+07,43999,0,8
265670,50000,1,23500,30600,26700000,24390,0,3
82230,50000,2,23500,30600,26700000,24390,0,3
282560,50000,2,23500,30600,26700000,24390,0,3
232360,50000,2,23500,38872,26700000,24390,0,3
582500,50000,5,15908,26481,2.5e+07,17674,0,3
82700,50000,5,15908,26481,2.5e+07,18109,0,3
166506,50000,6,14961,23178,18340000,15131,0,3
178500,50000,14,10524,14180,8e+06,10200,1,3
373524,3e+05,0,23206,37395,6e+07,14151,0,6
284393,1e+05,24,39770,48772,13800000,23200,0,7
180592,1e+05,24,39770,48772,13800000,23200,0,7
464806,2e+05,23,34728,61564,3.2e+07,16000,1,1
8871006,250000,5,6300,10400,21500000,15515,0,2
2130007,175000,17,70814,135160,1.4e+07,16099,0,1
423199,275000,3,161287,296230,5.6e+07,27992,0,6
404165,2e+05,23,139019,283861,9800000,31999,0,6
272808,150000,7,10842,12888,23250000,13595,0,2
195625,17500,17,290,1000,4e+06,3000,0,9
55903,17500,18,284,1200,3600000,1800,0,9
68105,17500,19,1398,1939,4720000,7040,1,9
58450,17500,24,1316,1300,5440000,8000,1,9
61647,17500,17,958,1148,5280000,4400,1,9
257619,17500,23,1329,1930,4080000,4200,1,9
210430,17500,17,1128,1232,1500000,6526,1,9
659191,150000,6,8665,11900,14250000,16994,1,2
3e+05,150000,7,19595,15593,2.4e+07,19033,0,3
201200,150000,6,8665,11900,14250000,16994,1,2
258515,150000,3,79494,149775,3.8e+07,22758,0,6
206249,75000,23,3913,6433,4400000,4000,1,6
205772,1e+05,17,33405,37581,13965000,23800,0,3
537090,1e+05,22,51982,49730,10073000,26640,0,3
270227,1e+05,16,23790,29730,11319000,14890,0,3
300860,1e+05,23,11217,14055,2471000,9300,1,3
303501,1e+05,23,44150,39710,9359000,32000,0,3
185684,1e+05,23,44150,39710,9359000,32000,0,3
251490,1e+05,23,44150,39710,9359000,32000,0,3
301490,1e+05,23,44150,39710,9359000,32000,0,3
130228,1e+05,22,22635,23756,3773000,20107,0,3
1118925,1e+05,28,24907,27905,3430000,17100,0,3
527962,1e+05,28,24907,27905,3430000,17100,0,3
162007,1e+05,25,71176,141330,3e+07,26100,0,6
249706,150000,2,22415,36752,6.4e+07,14193,0,6
812130,150000,20,23194,37532,21334000,15600,1,6
519571,250000,5,34364,46220,2.6e+07,14076,0,2
225395,65000,16,5632,6433,8e+06,5438,1,2
419033,150000,13,69321,128772,4.4e+07,22640,0,6
350787,140000,4,47027,54155,51100000,18300,0,7
254098,84500,18,29240,30466,16100000,13598,0,7
320000,84500,18,29240,30466,16100000,13598,0,7
94818,50000,9,3393,4320,6650000,3300,0,7
213022,1e+05,17,52509,84656,9600000,19080,0,6
203141,150000,13,23306,34752,1.4e+07,13134,0,1
282571,150000,14,17814,29531,1.2e+07,9500,0,1
148444,41500,17,1972,2350,9e+06,12240,1,9
176617,41500,9,2285,1897,1.6e+07,13204,1,9
282600,150000,5,56164,21423,3.6e+07,17470,0,2
355480,1e+05,18,45777,83077,8000040,15400,0,1
3862467,1e+05,13,52524,99335,13333400,19080,0,6
1785831,350000,12,34242,5186,1.44e+08,28956,1,8
253445,75000,11,43398,83790,2e+07,10900,0,6
194575,1e+05,12,43406,59999,2.1e+07,10900,0,6
356150,1e+05,12,43406,59999,2.1e+07,10900,0,6
307973,1e+05,14,43733,83970,1.9e+07,10900,0,6
113175,75000,13,43733,83970,17150000,10900,0,6
1458025,3e+05,1,71370,126650,7.2e+07,27218,0,6
1855431,3e+05,22,63248,125690,1e+07,23900,0,6
473964,125000,9,52664,97002,24818500,12240,0,6
96800,50000,6,15908,26481,2.5e+07,18109,0,3
293914,250000,16,27962,43952,33400000,8600,0,2
275000,50000,21,25846,38618,12500000,13100,0,2
236447,1e+05,18,5241,8214,4e+06,3900,0,2
383819,250000,3,63515,109933,53400000,19100,0,1
132540,75000,15,7845,11546,19100000,3800,1,1
155925,75000,5,11542,16900,1.5e+07,7776,0,1
534212,75000,5,11542,16900,1.5e+07,7776,0,1
384525,150000,25,17527,16397,4e+07,29999,0,3
910402,150000,25,31515,16011,4e+07,29999,0,3
127218,90000,10,4086,4811,1.2e+07,4500,1,7
137060,90000,10,4086,4828,1.2e+07,4500,1,7
198299,90000,11,3901,3231,5e+06,3190,0,7
226442,150000,12,59289,106664,30700000,13812,0,6
655695,150000,12,59289,106667,14700000,13820,0,6
309752,1e+05,17,19349,24456,23350000,9250,0,6
2434006,1500000,2,70367,7180,2.84e+08,64602,1,8
807500,2e+05,12,37845,6150,1.44e+08,28712,1,8
356353,2e+05,12,37845,6150,1.44e+08,28712,1,8
354151,1e+05,15,4260,450,20800000,4800,1,8
141283,75000,16,22361,38313,9600000,7200,0,1
554395,2e+05,2,23197,37300,6e+07,14193,0,6
279034,2e+05,3,23197,37300,6e+07,14193,0,6
463173,2e+05,21,19301,35210,2e+07,11200,0,6
250257,2e+05,24,16595,28025,1.6e+07,17400,0,6
498343,1e+05,0,66526,67900,68250000,74637,0,3
565871,1e+05,4,63153,122292,35200000,13700,0,1
250000,125000,2,5902,350,37140000,39152,1,4
757000,125000,2,5902,350,37140000,39152,1,4
220513,125000,2,5902,350,37140000,39152,1,4
1650590,164500,8,28833,4000,45500000,28712,1,5
399847,164500,8,28833,4000,45500000,28712,1,5
1227369,5e+05,2,77441,8165,2.8e+08,62648,1,8
229933,125000,19,31926,58327,15400000,14400,0,6
364373,85000,14,39892,43567,18891666,31480,0,3
778888,85000,14,39892,43567,18891666,31480,0,3
337116,1e+05,2,28400,46500,17851000,10480,0,6
270800,1e+05,8,21941,39110,8751000,6715,0,1
144868,1e+05,8,21941,39110,8751000,6715,0,1
214808,1e+05,10,76992,146244,4.2e+07,14085,0,6
614348,1e+05,11,52512,94995,3.5e+07,12240,0,6
633543,275000,6,153483,280000,21550104,31920,0,6
460000,2e+05,19,36360,69172,34550000,17120,1,1
235000,2e+05,41,16284,32412,1.2e+07,9349,0,1
450000,2e+05,48,11949,25345,10780000,7699,0,1
253594,1e+05,35,296,454,1120000,3280,0,9
396593,275000,4,161178,296230,5.6e+07,27992,0,6
8731401,2500000,16,37460,40881,2e+07,33580,0,3
607493,75000,0,14400,21823,27500000,10686,0,6
467954,75000,0,14400,21871,2.8e+07,10710,0,6
471904,1e+05,22,26383,33869,4500000,33050,0,3
400975,1e+05,25,40594,30866,16500000,31800,0,3
136245,50000,6,18859,25431,25500000,13189,0,3
558000,150000,16,6930,11073,6e+06,4050,0,2
209493,150000,25,25673,46312,3.2e+07,10400,0,6
57094,25000,18,288,1219,4e+06,2250,1,9
244344,99999,17,627,1200,2e+06,1700,1,9
65635,25000,2,1039,2108,7200000,4200,1,9
80015,25000,17,701,1200,4e+06,3000,0,9
79475,25000,23,299,1000,3200000,1700,1,9
57000,25000,17,880,1000,4800000,7000,1,9
156829,25000,25,1342,1202,4480000,7040,1,9
377355,25000,26,1384,1082,4880000,7200,1,9
72243,25000,25,1316,1300,5440000,8000,1,9
325503,25000,27,933,1288,2800000,6160,1,9
63401,25000,25,1186,745,8240000,7000,1,9
517865,25000,23,1030,1116,5200000,7040,1,9
196875,25000,24,1329,1930,4080000,4200,1,9
235396,1e+05,13,40439,40744,26200000,23690,0,3
186748,150000,8,13049,13930,18750000,20338,0,2
3e+05,1e+05,13,7955,13749,12800000,3500,0,6
214263,1e+05,13,7955,13749,12800000,3500,0,6
326956,1e+05,11,35958,42976,26800000,28350,0,3
2914599,150000,14,17191,30052,1.4e+07,10876,0,1
403000,150000,14,23306,34752,1.4e+07,13134,0,1
325536,65000,10,75675,150159,1.8e+07,14199,0,1
1687617,45000,1,23740,35775,2.4e+07,10710,0,6
506320,1e+05,3,80000,45000,2.2e+07,10130,0,1
463341,1e+05,4,25100,39200,19500000,9503,0,1
857263,1e+05,9,41189,74868,2.3e+07,10900,0,1
149710,1e+05,10,80000,136517,33600000,22758,0,6
232750,1e+05,14,25865,43549,11200000,9680,0,1
193720,75000,19,6808,6920,8e+06,5270,0,7
212247,75000,19,6808,6920,8e+06,5270,0,7
205048,75000,19,6808,6920,8e+06,5270,0,7
9e+05,4e+05,5,160348,310653,47340000,28000,0,6
422701,150000,11,7922,12616,1.6e+07,8158,1,6
191401,150000,18,22772,39270,24668000,15000,0,6
441857,150000,18,22772,39270,24668000,15000,0,6
181546,150000,21,23194,37532,21334000,15600,1,6
2220079,125000,9,66671,123665,6.5e+07,20023,0,6
369564,1e+05,15,52862,94752,16000080,14700,0,6
403330,1e+05,16,52629,94706,14666740,14700,0,6
334380,1e+05,2,62619,113269,31490000,16400,0,6
232801,1e+05,13,42447,12763,1.5e+07,14400,0,2
1452777,5e+05,3,65167,99304,1.2e+08,23400,1,4
1312964,5e+05,3,65167,99304,1.2e+08,23400,1,4
1259526,3e+05,3,72132,126741,7.2e+07,27218,0,6
148682,50000,6,7249,7278,8e+06,6933,0,2
145290,50000,7,7249,7276,8e+06,6933,0,2
134895,99999,3,53324,63654,10130000,47447,0,3
310463,1e+05,17,9092,8900,1.3e+07,7680,0,2
122744,90000,9,6322,5140,1e+07,3147,0,7
151927,50000,9,24731,44646,1.9e+07,9517,0,6
110845,50000,11,36573,69637,1.3e+07,12106,0,1
192575,50000,2,28909,45457,2.7e+07,10500,0,6
557340,150000,13,59289,106667,14800000,13820,0,6
332819,150000,12,52787,95983,19400000,15480,0,6
425321,150000,12,52515,97087,19400000,13800,0,6
171950,1e+05,9,52507,97119,25400000,12240,0,6
560796,1e+05,14,52764,98214,16700000,12900,0,6
421249,53750,23,9878,12350,3e+06,6362,1,2
384155,250000,10,11878,17012,1e+07,5940,0,2
3998383,5e+05,11,48563,5344,1.84e+08,22024,1,8
750000,5e+05,11,48563,5344,1.84e+08,22024,1,8
1245380,5e+05,5,76522,6500,2.84e+08,42824,1,8
1087494,112500,9,29506,45425,3e+07,8280,0,6
337753,137500,8,39265,66895,3.5e+07,9750,0,6
100830,41500,10,2285,1897,1.6e+07,13204,1,9
203662,41500,19,1924,2972,8e+06,6960,1,9
1028651,1e+05,23,10493,5717,2.4e+07,6420,1,9
252000,150000,5,163882,300361,54400000,30240,0,6
1850000,150000,5,163500,299450,54400000,30240,0,6
605921,2e+05,20,19639,33695,2.5e+07,13100,0,6
275595,150000,15,40005,43567,16666667,31480,0,3
594710,1e+05,20,44887,75470,7333333,16533,0,1
134434,75000,18,35911,63883,5600000,12600,0,1
356730,150000,12,58086,106679,24800000,14341,0,6
1609116,5e+05,3,83338,8452,3.2e+08,78400,1,8
207268,150000,11,77931,142031,3.3e+07,18157,0,6
374999,99999,19,6409,6700,4.4e+07,5199,1,9
147561,40000,1,3485,2964,38200000,19224,1,9
120704,40000,1,3485,2964,38200000,19224,1,9
362144,41500,10,2287,1848,1.6e+07,13204,1,9
160278,75000,14,27417,47665,1.1e+07,9230,0,1
713305,1e+05,23,16680,18606,8e+06,17400,0,3
846344,1e+05,22,16289,18381,8400000,17400,0,3
650838,1e+05,5,33735,34330,41973000,28455,0,3
301567,1e+05,24,22228,20270,3500000,22185,1,3
375000,1e+05,14,39132,44966,19500000,25500,0,3
267061,1e+05,14,39132,44966,19500000,25500,0,3
138266,1e+05,17,57255,51648,33400000,23791,0,3
1200000,1e+05,16,58438,44988,33400000,23791,0,3
213073,1e+05,16,58438,44988,33400000,23791,0,3
1086850,125000,14,39131,63765,1.8e+07,13440,0,6
2313257,125000,10,24731,44646,1.9e+07,9598,0,6
290645,105000,9,43635,59421,5e+07,15702,0,7
505000,105000,9,81135,141861,4.2e+07,18850,0,6
218703,150000,9,81135,141861,28400000,18850,0,6
386088,50000,24,11290,16420,1.2e+07,16028,1,6
213490,65000,15,28292,48200,12500000,11555,0,6
191766,50000,25,11290,16420,8e+06,15604,1,6
108392,51612,6,36615,69045,3750000,10500,0,1
576845,350000,36,22080,5180,5.6e+07,21000,0,8
172561,1e+05,16,19763,2813,23500000,16960,0,5
277651,1e+05,13,3264,285,10400000,4540,1,8
256844,150000,13,9975,800,5.6e+07,9898,1,8
938561,5e+05,38,30340,9000,3.6e+07,43999,0,8
89000,50000,17,9092,11757,9787500,7680,0,2
230942,40000,5,7405,9696,1.2e+07,9992,1,2
481542,40000,5,7405,9696,1.2e+07,9992,1,2
1388360,40000,4,7451,10814,1.2e+07,9992,1,2
333584,150000,19,77704,134089,2.6e+07,21000,0,6
4329315,150000,20,37904,59999,10500000,16200,0,6
205842,160000,28,15380,25300,3e+06,12000,0,6
251191,150000,19,15259,26300,6e+06,11225,0,6
452798,1e+05,10,48508,50792,38115000,35361,0,3
160000,1e+05,28,41814,32713,5642000,29610,0,3
280513,1e+05,30,24907,27905,3171000,17100,0,3
228783,1e+05,20,31207,30684,10976000,29026,0,3
141204,1e+05,23,51982,49730,10073000,26640,0,3
245171,1e+05,23,51982,49730,10073000,26640,0,3
358624,1e+05,12,50538,59285,3.5e+07,36000,0,3
185169,1e+05,23,43704,38642,9450000,53280,0,3
594796,1e+05,5,5544,6850,13017214,7178,1,3
88512,50000,3,7606,5656,1.8e+07,10060,1,3
115398,75000,7,18094,29815,12700000,11393,0,6
639151,1e+05,9,84488,159719,24500000,18270,0,6
249343,99999,17,12811,17330,6500000,9095,0,2
144660,99999,17,12811,17330,6500000,9095,0,2
258004,99999,17,12811,17330,6500000,9095,0,2
110875,50000,28,11909,6330,3400000,10500,1,3
203064,50000,28,11909,6330,3400000,10500,1,3
3062928,3e+05,21,189417,404531,4e+07,44999,0,6
73494,40000,18,23144,37994,9e+06,10500,0,1
241834,40000,18,23144,37994,9e+06,10500,0,1
321321,175000,16,45278,76273,14400000,15200,0,1
375000,125000,5,26218,40584,24480000,11298,0,6
136530,1e+05,15,43733,83970,1.9e+07,10900,0,6
365327,70000,18,41010,75524,11700000,17960,0,1
108593,70000,6,39422,75460,2.6e+07,14709,0,1
1195133,50000,0,90280,8500,3.84e+08,78851,0,8
156207,125000,10,58078,111777,2.7e+07,14341,0,6
490728,125000,17,29919,55289,11500000,13687,0,6
191371,1e+05,6,21142,28840,13920000,10805,0,6
440406,1e+05,6,21142,28840,13920000,10805,0,6
285450,45000,6,16803,22900,9400000,18109,0,3
518028,1e+05,25,13173,17770,2400000,10600,0,6
618156,65000,1,66289,67500,2.6e+07,63450,0,3
2739955,125000,16,44543,22454,89559205,26400,1,3
648400,125000,16,44543,22454,90031966,26400,1,3
486450,85000,22,14023,19775,7e+06,12400,0,2
226470,85000,14,23761,34380,1.3e+07,14071,0,3
1389458,1e+05,1,56076,106562,3e+07,16314,0,6
2639992,75000,0,13753,22377,33334000,9699,0,6
149000,75000,0,13753,22377,33334000,9699,0,6
164643,1e+05,20,22943,37350,7e+06,11700,1,6
292860,125000,14,45057,69999,23500000,12853,0,6
181008,125000,14,45057,69999,23500000,12853,0,6
2071872,4e+05,17,44348,4661,1.04e+08,31540,1,8
2502459,5e+05,6,77441,8293,2.8e+08,62648,1,8
526352,4e+05,17,46087,6135,9.6e+07,29499,0,8
99955,50000,4,23896,30291,26700000,24390,0,3
197261,50000,4,23896,30291,26700000,24390,0,3
149782,1e+05,25,17561,28025,10880000,17400,0,6
203000,1e+05,19,13088,23016,13600000,9560,0,6
2e+05,1e+05,19,14627,23016,13600000,10500,0,6
150000,1e+05,16,15114,15114,10200000,7000,0,6
147600,45000,1,25630,33650,8e+06,26918,0,3
334010,50000,3,23401,31916,23400000,16967,0,2
367125,150000,0,38900,72700,2.4e+07,10284,0,1
588914,150000,12,36781,69406,1.2e+07,9329,0,1
171710,65000,18,6136,6666,5e+06,7890,0,2
830105,1e+05,17,24643,41502,8800000,7160,0,1
231905,65000,19,5122,6434,3600000,7000,0,2
1920000,150000,19,37238,44153,1.8e+07,47000,0,3
110853,47500,18,1615,1983,5e+06,12236,1,9
91517,50000,24,19387,37681,1926000,11398,0,1
257065,1e+05,17,49326,44013,36600000,32940,0,2
971523,1e+05,23,47089,17316,26700000,20500,0,2
139500,1e+05,23,47089,17316,26700000,20500,0,2
198800,1e+05,18,27440,10599,8800000,12000,1,2
209770,1e+05,22,40542,35098,10500000,27900,0,2
333370,250000,16,27470,39260,33400000,10970,0,1
247016,1e+05,20,4668,7500,6e+06,4400,1,1
1199548,1e+05,21,89421,129017,43333550,40999,0,1
645704,1e+05,20,33767,68139,12666730,15800,0,6
349365,1e+05,2,76836,127466,64000320,22280,0,6
311406,80000,11,28933,44999,16800000,13527,0,6
1790375,1e+05,19,32157,58624,7200000,14400,0,6
2250081,1e+05,20,50764,87325,8e+06,15800,0,6
236978,75000,19,36284,64584,1e+07,15200,0,1
219508,75000,19,36284,64584,1e+07,15200,0,1
878567,250000,12,72120,126352,35400000,27190,0,6
1031873,4e+05,17,49130,63296,2.3e+07,17000,0,7
592153,4e+05,19,43849,55303,19500000,23447,0,7
332670,2e+05,27,33535,41256,8e+06,18000,0,7
540268,2e+05,22,34577,43386,13500000,19924,0,7
279585,2e+05,19,8661,11665,8e+06,7590,0,7
211276,75000,25,8182,13114,4e+06,8483,0,6
238296,75000,25,8182,13114,4e+06,8483,0,6
1356710,5e+05,8,160299,306474,5.5e+07,31050,0,6
128531,50000,2,38888,74002,24984000,12000,0,1
477655,50000,17,3719,2751,1e+07,14193,0,9
161288,125000,8,53315,90679,3.2e+07,13500,0,6
616037,130000,5,80637,147916,6e+07,20940,0,6
880312,75000,1,28246,46270,3.7e+07,10150,0,6
1909193,75000,1,28246,46270,3.7e+07,10150,0,6
1279359,75000,1,28246,46100,3.7e+07,10150,0,6
185298,75000,9,25877,45691,19500000,8900,0,6
2e+05,150000,10,19595,15646,22500000,19040,0,3
1041482,1e+05,11,52594,97112,3e+07,12240,0,6
967825,135000,21,53870,91442,1.6e+07,18000,1,6
895157,135000,22,52853,88369,1.5e+07,20500,0,6
230347,135000,21,49827,87158,1.1e+07,15960,0,6
280097,75000,18,15850,26384,3850000,7200,0,1
280097,75000,18,15850,26384,3850000,7200,0,1
150000,1e+05,2,37237,12778,29600000,15036,0,2
234776,1e+05,2,37237,12778,29600000,15036,0,2
187536,1e+05,12,39043,14780,14400000,7915,0,2
298527,175000,14,82975,148982,1.4e+07,23030,0,1
857140,250000,2,163346,305839,6.3e+07,31190,0,6
86604,50000,9,29369,46908,2.4e+07,12170,0,1
490132,3e+05,0,65878,91676,1e+08,16314,0,4
240787,125000,11,41173,68178,2.5e+07,16309,0,1
2e+05,1e+05,12,19719,29171,21700000,14194,0,7
800019,50000,3,2998,3183,7e+06,2945,0,7
110000,50000,11,3478,3983,3850000,3899,0,7
350000,250000,2,157833,299167,60200000,34624,0,6
4e+05,250000,2,163346,305000,6.3e+07,31190,0,6
675421,3e+05,7,153483,289365,44365610,31920,0,6
97057,35000,17,1851,2013,1.2e+07,11130,1,9
118465,35000,18,2526,3366,1.2e+07,6120,1,9
184405,75000,15,17142,26943,7200000,7171,0,1
280000,1e+05,0,29986,53000,18240000,11640,0,1
84122,35000,19,9909,13193,5340000,7480,0,3
358694,45000,7,14366,20275,9350000,16559,0,3
204480,45000,4,24053,28351,14670000,16380,0,3
138600,45000,5,16200,22420,1.4e+07,18109,0,3
627500,45000,5,16200,22420,1.4e+07,18109,0,3
78200,45000,5,16200,22420,1.4e+07,18109,0,3
85000,45000,8,30526,34082,1.6e+07,23411,0,3
98380,45000,8,30526,34082,1.6e+07,23411,0,3
525000,1e+05,3,157976,311189,60266000,31920,0,6
7e+05,5e+05,11,153413,285872,24800000,31888,0,6
1053053,1e+05,9,149945,284480,33866000,22418,0,6
269785,1e+05,10,89004,169146,2.6e+07,20941,0,1
779224,1e+05,10,149945,282057,3.2e+07,19509,0,6
4733061,1e+05,8,147580,260619,28534000,24252,0,6
133468,1e+05,2,39714,75200,14174000,12590,0,1
193144,75000,21,22943,37405,7200000,11700,1,6
458878,1e+05,18,54537,91821,1e+07,19700,0,6
565734,1e+05,18,54537,91821,1e+07,19700,0,6
160834,125000,23,49648,87926,5e+06,16800,0,6
515525,1e+05,12,50570,88825,1.4e+07,15190,0,6
350100,150000,19,26450,46122,8e+06,13600,0,6
448819,2e+05,21,51932,86648,9e+06,13900,0,6
418530,2e+05,20,51967,86417,9e+06,13514,1,6
959027,2e+05,17,60098,84500,1.5e+07,16180,0,6
554975,2e+05,17,60098,84500,1.5e+07,16180,0,6
349891,75000,11,24606,42263,1e+07,11388,0,1
201141,125000,24,21047,31921,1e+07,11600,0,1
122050,50000,7,20842,28550,29625000,15519,0,3
1e+05,50000,7,18859,25368,25500000,13189,0,3
296624,250000,8,156539,299994,33600000,31920,0,6
232013,150000,6,77211,150903,13500000,16500,0,1
370176,1e+05,14,28805,45295,1e+07,10230,0,1
778456,150000,20,29763,41819,16060000,14000,0,6
123116,25000,20,292,1200,1600000,3900,0,9
85974,25000,19,299,1200,1096000,2250,1,9
181625,25000,3,1039,2108,7600000,4200,1,9
87042,25000,18,1252,1433,4320000,8620,1,9
60343,25000,26,1316,1300,5440000,8000,1,9
144422,25000,18,742,720,4560000,4200,1,9
199411,25000,22,260,814,2160000,3900,0,9
271476,25000,21,1608,2015,11520000,10560,1,9
96632,25000,25,2019,2215,7120000,4200,1,9
604302,150000,25,17525,16373,4e+07,29999,0,3
189990,50000,4,4000,5400,6300000,5384,1,2
166600,50000,4,4000,5400,6300000,5384,1,2
151445,50000,4,4000,5400,6300000,5384,1,2
120006,50000,4,4000,5400,6300000,5384,1,2
144440,75000,17,6755,8711,10550000,5846,1,7
1721857,150000,1,56853,21484,4e+07,17510,0,2
276890,150000,21,33369,12165,7e+06,11200,0,2
276454,150000,21,33369,12165,7e+06,11200,0,2
101040,40000,15,5359,7859,6300000,5638,0,6
520000,85000,23,16872,21794,5e+06,14999,0,2
390478,250000,16,25982,43648,7e+06,9680,0,1
514754,250000,4,26044,45426,1.4e+07,9750,0,1
131711,75000,11,24248,39749,13200000,11450,1,6
120000,75000,11,24248,39749,13200000,11450,1,6
995000,75000,11,24248,39749,13200000,11450,1,6
775000,75000,9,24248,39645,14400000,11400,0,6
362893,99999,20,3080,1120,11400000,8400,1,9
449999,99999,14,4294,2706,24800000,12064,1,9
112982,50000,5,2449,1100,1.6e+07,5476,1,9
1300000,1e+05,3,62619,113333,28810000,16400,0,6
3105565,150000,14,79544,152385,36500000,18850,0,6
302482,150000,15,23306,35532,1.4e+07,13134,0,1
219200,75000,12,43398,84040,2.4e+07,10900,0,6
160104,50000,17,28017,50600,1.9e+07,12236,0,6
99876,50000,3,28909,45457,2.7e+07,10500,0,6
1050000,250000,7,34364,44236,2.4e+07,15638,0,2
750000,250000,3,30840,39495,3e+07,15226,0,2
180304,125000,7,17751,27892,2.5e+07,9612,0,6
411436,1e+05,17,37814,53726,10983769,28845,0,3
189613,1e+05,17,37814,53726,10983769,28845,0,3
1010362,1e+05,21,31207,30684,5819877,29026,0,3
262123,1e+05,30,24907,27905,3430000,17100,0,3
267968,1e+05,30,24907,27905,3430000,17100,0,3
144107,1e+05,24,51982,49730,4665240,26640,0,3
438350,1e+05,13,50538,59285,37649914,36000,0,3
2788508,1e+05,6,51931,60348,31453470,48280,0,3
254587,1e+05,4,80942,88669,60670261,59290,0,3
152269,1e+05,4,31333,37842,23783742,39263,0,3
357427,1e+05,4,31333,37842,23783742,39263,0,3
170000,1e+05,4,31333,37842,23783742,39263,0,3
321940,1e+05,4,31333,37845,39667385,39263,0,3
154482,1e+05,4,31333,37845,39667385,39263,0,3
155958,1e+05,4,31333,38170,23783742,39263,0,3
153277,1e+05,4,31333,37845,40112231,39263,0,3
154777,1e+05,4,31333,38170,23783742,39263,0,3
368538,1e+05,3,66526,67902,54976601,74637,0,3
361581,75000,9,15806,22625,25600000,10680,0,6
301145,150000,9,66671,123848,66668000,20000,0,6
560000,150000,5,71850,124788,66668000,27000,0,6
385000,150000,10,77352,141200,67500000,15650,0,6
350000,150000,10,77352,141200,67500000,15650,0,6
141670,1e+05,18,9092,8900,1.2e+07,7680,0,2
165063,1e+05,18,9092,8900,1.2e+07,7680,0,2
162148,1e+05,18,9092,8900,1.2e+07,7680,0,2
221242,1e+05,10,7944,11155,1.2e+07,16212,1,2
1915617,2e+05,7,23197,37221,5e+07,14167,0,6
1002447,2e+05,18,15829,24728,1.6e+07,7890,0,6
317940,2e+05,18,15829,24728,1.6e+07,7890,0,6
10052189,1500000,15,47262,6405,1.8e+08,31962,0,8
2578951,1500000,9,55451,7637,2.2e+08,46833,1,8
159497,1e+05,12,43398,84040,2.2e+07,10900,0,6
212500,112500,13,27793,46538,2.8e+07,8950,0,6
322498,1e+05,12,76992,146244,4.2e+07,14085,0,6
390544,1e+05,10,56021,102262,4e+07,14891,0,6
1504926,135000,26,24224,37518,7500000,13300,0,1
431751,135000,21,16021,27139,4500000,10550,0,1
230347,135000,22,49827,87158,1.1e+07,15960,0,6
464154,1e+05,15,28805,45295,1.2e+07,9880,0,1
171250,70000,3,39161,73035,2.6e+07,11220,0,1
171250,70000,3,39161,73035,2.6e+07,11220,0,1
136148,1e+05,17,52755,51648,33400000,24946,0,3
275000,75000,17,18155,26820,13300000,11829,0,7
175000,125000,15,39131,63765,12800000,13440,0,6
188455,1e+05,10,58959,108153,33333500,13092,0,6
1265616,1e+05,12,57450,100019,16750000,13770,0,6
208071,1e+05,11,57450,100310,15120000,16070,0,6
896213,1e+05,12,59289,106679,16750000,15300,0,6
4e+05,1e+05,12,26162,37700,15410000,8910,0,6
825000,350000,3,77104,8800,3e+08,68928,1,8
254495,125000,11,58086,111587,21600000,14341,0,6
770000,1e+05,23,22600,38888,3e+06,11556,0,1
310610,160000,29,15380,25300,3e+06,12000,0,6
98313,50000,19,23144,37994,7200000,10500,0,1
200011,99999,19,35911,63883,5200000,12600,0,1
1971944,150000,12,58086,106679,18400000,14341,0,6
520000,70000,25,5317,7526,3700000,7200,1,7
915540,1e+05,23,23239,31555,4800000,15200,0,2
1988508,350000,4,75338,8530,2.68e+08,79940,1,8
379850,175000,17,45278,76273,14400000,15200,0,1
425000,175000,17,37884,67980,1.2e+07,16568,0,6
175130,75000,18,10937,16354,6e+06,7200,0,6
86690,50000,4,17295,22800,18200000,22024,0,3
834501,75000,17,14348,23286,7700000,7020,1,2
459555,150000,20,77704,134089,1.8e+07,21000,0,6
2350022,75000,26,9737,5350,4e+06,10400,1,3
367279,1e+05,8,16043,20194,1.4e+07,16797,0,3
249617,1e+05,10,21053,30078,15200000,15680,0,3
2114893,125000,1,41428,70018,2.5e+07,14661,0,1
182987,50000,8,7249,7276,8e+06,6933,0,2
277544,50000,17,7857,11546,19100000,3800,1,1
81972,50000,17,7857,11546,19100000,3800,1,1
152023,65000,10,13237,17175,5680000,10809,0,2
138136,65000,9,13237,17546,6013000,10808,0,2
157376,65000,8,13258,17493,6213000,10808,0,2
527098,85000,18,43332,53325,18666667,47520,0,3
173023,85000,16,39892,43567,18891666,31480,0,3
4595019,125000,17,32908,22454,82729874,26400,1,3
130000,75000,2,24252,38615,14800000,11400,0,6
293000,75000,2,24252,39768,17600000,11400,0,6
2e+05,75000,10,11086,4711,1.2e+07,18000,1,3
5e+05,3e+05,1,89600,91676,1e+08,16314,0,6
225000,75000,27,23076,38708,9e+06,8750,0,1
312129,150000,19,43332,53310,2e+07,47520,0,3
188724,50000,4,7606,5656,16800000,10060,1,3
147991,85000,26,13743,22312,4500000,8000,1,1
5017846,65000,16,28292,48200,1.2e+07,11555,0,6
139412,65000,16,28292,48200,1.2e+07,11555,0,6
171578,1e+05,5,36559,70281,21200000,12500,0,1
635566,4e+05,18,46087,6135,9.6e+07,29499,0,8
216405,75000,7,7950,12196,2e+07,6458,0,7
1358393,50000,23,3898,2066,1.2e+07,16800,1,9
178911,125000,21,31926,58327,11500000,14400,0,6
1472230,50000,5,16041,26411,10500000,8261,0,1
155650,1e+05,10,21941,39110,6476000,6715,0,1
169065,1e+05,12,11821,16137,2.3e+07,7920,0,7
193892,75000,17,3986,6025,5e+06,4000,1,2
282825,1e+05,12,21907,28261,3.5e+07,14194,0,7
290026,75000,8,6107,7569,19500000,7382,1,7
6300000,1e+05,16,52862,94941,18500000,14700,0,6
744777,125000,4,5902,350,37140000,39152,1,4
918562,150000,19,22772,39270,1.9e+07,15000,0,6
450000,150000,20,22772,39273,1.9e+07,15000,0,6
356577,250000,11,44398,42276,4e+07,10050,0,2
606616,250000,1,29103,23575,4e+07,17646,0,2
340318,250000,6,35998,51733,4e+07,15662,0,1
325891,250000,17,27470,39239,33400000,10970,0,1
419736,250000,17,27470,39239,33400000,10970,0,1
1e+06,1e+05,21,3875,6243,6e+06,4400,1,1
312940,2e+05,36,11209,3043,1.6e+07,16740,1,8
549900,150000,10,78710,138105,25600000,17578,0,6
5e+05,150000,3,87827,154390,6e+07,24220,0,6
306160,1e+05,7,8407,5866,7500000,8157,1,3
651036,150000,6,81151,161059,2.4e+07,21371,0,1
239454,150000,15,31255,47980,1.3e+07,12800,0,1
2357693,5e+05,23,153124,323100,1e+07,35505,0,6
552640,4e+05,10,45032,55799,4.1e+07,15988,0,7
930075,2e+05,28,26097,22040,2.3e+07,16800,0,7
378138,40000,12,2637,3118,1.8e+07,6602,1,9
105570,25000,23,40542,35098,10500000,27900,0,3
105570,25000,23,40542,35098,10500000,27900,0,3
373875,1e+05,18,37168,60550,27350000,11900,0,1
224835,75000,18,12615,9472,9400000,11600,0,2
191710,1e+05,15,49750,15528,2.4e+07,10070,0,2
181670,75000,26,8182,13114,4e+06,8483,0,6
140084,50000,8,15908,26481,2e+07,17674,0,3
246939,50000,9,14961,23178,16670000,15131,0,3
110000,50000,15,1997,2060,7200000,5360,1,9
1486806,50000,4,2598,2756,2.3e+07,15000,1,9
2e+05,50000,4,2598,2756,2.3e+07,15000,1,9
361066,150000,9,37550,70456,2.2e+07,9609,0,1
147195,1e+05,14,42447,12763,1.5e+07,14400,0,2
182358,75000,8,38479,73350,13300000,12300,0,1
525000,75000,7,26381,47574,1.4e+07,12060,0,1
275000,75000,24,14991,22329,2450000,11550,0,2
534328,1e+05,16,18625,28640,7680000,11828,0,6
162378,1e+05,16,28805,45295,1e+07,9880,0,1
151965,1e+05,8,38679,70000,15780000,12260,0,1
358534,75000,5,16794,28426,8700000,7795,0,1
250911,150000,13,31276,48263,1.3e+07,12800,0,1
342589,1e+05,15,14937,23050,9200000,9035,0,6
258482,126180,6,16801,23028,9055761,18109,0,3
1701509,3e+05,5,155051,322457,5e+07,29450,0,1
1411308,50000,12,153644,285715,23066400,25155,0,6
750000,50000,11,77931,142031,19866000,16585,0,6
750000,50000,11,77931,142031,19866000,16585,0,6
180726,1e+05,10,77931,142031,20534000,16585,0,6
326290,1e+05,11,149945,284317,24134000,19509,0,6
848425,1e+05,11,149945,282057,24134000,19509,0,6
190438,1e+05,10,89004,169146,25334000,18850,0,1
125000,50000,10,89004,169146,25466400,18843,0,1
405182,1e+05,4,157976,311286,61163636,31920,0,6
2100000,1e+05,2,159397,298620,51733334,34650,0,6
582037,1e+05,9,144652,258091,27466400,23090,0,6
250000,1e+05,7,144149,275616,31739555,29692,0,6
842792,90000,21,43576,77673,8e+06,15800,0,1
225000,125000,18,90747,149863,7e+06,21500,0,1
180500,1e+05,22,49809,88821,9e+06,15000,1,6
333232,75000,3,20775,14413,3e+07,17009,1,3
1216224,250000,14,72129,126491,32800000,17750,0,6
160000,1e+05,2,37838,57017,4.8e+07,17160,0,4
355730,3e+05,8,153483,269999,21550104,31920,0,6
162817,100944,0,25371,33500,31701000,26915,0,3
611871,1e+05,22,22943,37405,7200000,11700,1,6
175000,1e+05,11,52164,96648,2e+07,14580,0,6
2e+05,50000,18,7731,3400,4.4e+07,4352,1,9
250000,50000,18,7731,3400,4.4e+07,4352,1,9
250000,50000,20,6409,6700,4.4e+07,5199,1,9
450000,50000,20,6409,6700,4.4e+07,5199,1,9
106668,50000,19,4905,1530,16800000,13100,1,9
550000,50000,18,5991,2232,20800000,11250,1,9
225000,50000,22,739,850,2400000,2480,1,9
612377,150000,21,29763,41819,24800000,14000,0,6
415015,25000,27,1332,1169,4760000,7040,1,9
517520,25000,28,630,508,1480000,5600,1,9
134451,25000,26,1329,1930,2800000,4200,1,9
423169,150000,7,26756,43991,8100000,8730,0,1
287000,250000,9,153332,279995,23400000,29099,0,6
352298,250000,2,157814,299543,40920000,34624,0,6
1665980,250000,12,153347,285640,17700000,22660,0,6
468187,250000,10,153437,286006,20700000,28747,0,6
350000,2e+05,20,14627,23016,13600000,10500,0,6
154654,80000,10,5480,9028,11300000,5155,0,6
628409,90000,9,10000,16710,17600000,8973,1,6
337289,90000,7,11500,17078,16200000,8973,1,6
135000,85000,10,6262,10530,12900000,5030,0,6
1020335,187250,7,10369,17460,28666667,8157,1,6
503719,1e+05,24,16680,18606,8e+06,17400,0,3
160000,1e+05,4,39174,40881,42630000,34553,0,3
587055,1e+05,26,29040,21653,6500000,30400,1,3
350000,1e+05,16,40447,40744,2.5e+07,23690,0,3
184471,1e+05,13,35958,42976,26800000,28350,0,3
290557,1e+05,16,41023,40009,21120000,29750,0,3
1008035,150000,4,50698,62229,44250000,58554,0,3
141000,70000,10,14858,20270,15400000,12970,0,3
147576,55000,4,4150,4950,6300000,5384,1,2
175000,75000,17,6867,9129,1.2e+07,6320,1,7
125000,75000,1,26626,34717,24750000,29308,0,3
466124,75000,1,26626,34717,24750000,29327,0,3
307686,75000,5,16281,22361,2.1e+07,18120,0,3
124030,75000,5,16281,22352,2.1e+07,18120,0,3
441194,65000,7,10749,14148,9912000,9421,0,3
325000,75000,16,16282,27350,12600000,7206,0,6
525000,250000,8,10584,10282,8650000,15515,0,2
600862,250000,18,24942,42833,7e+06,7965,0,1
650000,250000,2,76567,125827,7.1e+07,23280,0,6
6812011,3e+05,28,71822,50746,4e+07,30399,0,7
311737,150000,23,30995,44016,4e+06,15200,0,2
227514,150000,23,30995,44016,4e+06,15200,0,2
1372821,150000,2,56853,21484,3.8e+07,17510,0,2
670273,350000,23,88971,65674,1.2e+08,35999,0,7
951844,350000,23,88971,65674,1.2e+08,35999,0,7
325000,1e+05,25,19917,34290,6e+06,11900,0,1
1223170,150000,14,36520,70227,11200000,9750,0,1
212641,1e+05,9,10396,12854,1.2e+07,11964,1,3
2775793,85000,18,21551,32813,8400000,11093,0,1
979145,85000,20,16511,21894,4800000,11200,0,2
125000,75000,0,17050,28000,13600000,7953,0,1
2202347,150000,11,13049,13930,1.8e+07,20338,0,2
2e+05,1e+05,15,7955,13749,12800000,3500,0,6
569961,1e+05,16,52524,84395,9200000,19080,0,6
170000,1e+05,21,45067,75395,6700000,16500,0,1
190658,1e+05,21,45777,78532,6700000,15400,0,1
231978,150000,16,23306,35532,1.4e+07,13134,0,1
250000,150000,5,37695,72495,2.5e+07,13900,0,1
250000,1e+05,5,57947,107261,30150000,17400,0,6
359118,250000,8,34364,44236,2.4e+07,15638,0,2
403050,250000,8,34364,44285,2.4e+07,15600,0,1
8e+05,250000,3,30745,39500,3e+07,15226,0,2
5e+05,1e+05,20,33405,38351,8910945,23800,0,3
505000,1e+05,20,33405,37581,9254899,23800,0,3
225000,1e+05,26,52007,49262,7241774,53600,0,3
177810,1e+05,25,51982,49730,4665240,26640,0,3
405000,1e+05,14,50538,59285,33926876,36000,0,3
276490,1e+05,5,80942,88669,58851211,80676,0,3
204630,1e+05,5,31333,37845,37661565,39263,0,3
150000,1e+05,5,31333,37845,37661565,39263,0,3
410000,1e+05,5,31333,38170,21595135,39263,0,3
2e+05,150000,20,13998,9649,3500000,7770,0,3
225000,175000,10,91188,172972,12480000,18880,0,1
167225,112500,14,27793,46538,2.8e+07,8950,0,6
312500,112500,14,27793,46538,2.8e+07,8950,0,6
312500,112500,14,27793,46538,2.8e+07,8055,0,6
248786,112500,14,27793,46538,2.8e+07,8055,0,6
356466,112500,13,27793,46538,2.8e+07,8055,0,6
625000,1e+05,2,80654,83370,50012608,89570,0,3
654000,150000,17,23271,34752,1.2e+07,11284,0,1
3250000,5e+05,2,90090,8900,3.84e+08,67975,0,8
4700000,5e+05,2,90280,8500,3.84e+08,78851,0,8
3300000,5e+05,2,88000,9100,3.84e+08,78851,0,8
2332050,150000,21,15259,25912,6e+06,11225,0,6
653734,150000,20,15163,23745,5e+06,10120,0,6
914980,14980,17,31356,4110,4e+07,26648,1,5
497749,75000,7,7451,10812,9600000,9992,1,2
103225,50000,9,10012,13941,1.3e+07,6032,1,6
270000,150000,21,77704,134089,1.6e+07,21000,0,6
20692205,5e+05,42,76049,13960,6.5e+07,40761,0,8
363034,150000,15,3264,285,9600000,4540,1,8
125000,65000,11,13237,17175,5400000,10809,0,2
115684,65000,17,28292,48200,1.2e+07,11555,0,6
112846,65000,17,28292,48200,1.2e+07,11555,0,6
74470,40000,21,8773,11538,8e+06,8157,1,6
63829,10000,22,314,90,1800000,3440,1,4
52152,10000,22,283,75,1800000,3440,1,4
1164994,1e+05,12,80000,136517,3e+07,22758,0,6
280000,1e+05,15,59289,106667,22780000,13820,0,6
3e+05,1e+05,13,26162,37700,15410000,8910,0,6
372578,125000,6,85315,167102,28800000,22902,0,1
604257,1e+05,8,81272,161010,22400000,19487,0,1
1050000,1e+05,7,17977,28149,1e+07,7770,0,1
1775000,75000,21,5984,7230,5200000,6325,0,7
1775000,75000,21,6356,7850,5e+06,3650,1,7
304207,75000,22,13184,22259,6e+06,8040,0,6
418661,50000,6,39000,73300,16800000,12100,0,1
125577,75000,22,1838,2950,2e+06,2700,1,6
256710,90000,16,2796,3444,6e+06,3420,1,7
590000,90000,11,3676,4630,1e+07,4400,1,7
476500,1e+05,13,14406,16950,3e+07,15288,0,2
175000,1e+05,12,14406,16950,1.8e+07,13758,0,2
125689,90000,5,6000,5000,1.6e+07,6118,1,7
350000,1e+05,11,7944,11054,1.1e+07,14592,1,2
331415,1e+05,11,7944,11155,1.1e+07,16212,1,2
210475,1e+05,11,7944,11155,1.1e+07,16212,1,2
184150,1e+05,11,7944,11155,1.1e+07,16212,1,2
145500,1e+05,11,5084,6000,4250000,5495,1,2
3e+05,250000,7,163882,300361,42400000,30240,0,6
740000,90000,8,26449,47639,16100000,9976,0,1
135620,1e+05,10,45993,83155,1.9e+07,10900,0,1
161200,50000,5,7606,5758,1.2e+07,10196,1,3
375397,50000,5,7606,5758,1.2e+07,10196,1,3
153235,50000,26,8545,4600,1500000,6100,0,3
138656,50000,5,17295,22800,17500000,22024,0,3
160900,75000,19,13277,17300,5600000,8000,0,2
113777,50000,20,17210,22351,3850000,15225,0,2
693604,125000,17,40772,12893,1.5e+07,11950,0,2
344962,150000,23,89421,129009,33333500,40999,0,1
180000,1e+05,2,82650,152244,5.6e+07,22799,0,6
202609,1e+05,11,58959,108153,33500000,13092,0,6
237175,1e+05,17,70434,124472,30150000,18620,0,6
9e+05,1e+05,17,70434,124472,30150000,18620,0,6
160000,1e+05,17,70434,124472,30150000,18620,0,6
1800000,1e+05,17,70434,124472,30150000,18620,0,6
450000,1e+05,17,70434,124472,30150000,18620,0,6
525000,125000,16,39131,63765,11400000,13440,0,6
282745,125000,16,39212,63765,11400000,13440,0,6
225000,125000,12,22607,40395,11840000,10401,0,6
462033,125000,7,26218,40727,19040000,11302,0,6
460581,175000,18,44921,76297,7600000,15188,0,1
254018,175000,18,45278,76273,7600000,15200,0,1
884522,175000,16,37884,67980,9600000,16500,0,6
5e+05,150000,7,85706,164303,3.1e+07,21658,0,1
141391,50000,22,50681,28676,3.7e+07,18353,0,2
304876,50000,21,50681,28566,3.7e+07,18355,0,2
108879,50000,20,28116,12466,26800000,10800,0,2
152785,50000,0,57112,22620,4.4e+07,22187,0,2
480969,1e+05,11,41189,74928,16500000,9850,0,1
2036992,150000,3,81151,159959,5e+07,20700,0,6
354790,150000,14,77870,142031,2.5e+07,16175,0,6
211519,92500,1,30049,51000,2e+07,11665,0,1
750000,150000,18,43332,53325,21600000,47520,0,3
190000,90000,20,6136,6666,4e+06,7890,0,2
430000,1e+05,4,72132,126650,7e+07,27218,0,6
194718,1e+05,4,71370,126650,58400000,27218,0,6
310000,1e+05,10,52348,95029,2.2e+07,14580,0,6
435000,2e+05,1,23197,37518,5e+07,15015,0,6
950000,2e+05,15,22637,40272,1.6e+07,10944,0,6
162738,125000,1,61760,79000,33333500,17947,0,6
203240,1e+05,18,22563,37660,8e+06,8150,0,6
98947,50000,18,7857,11546,19100000,3800,1,1
95253,50000,18,7857,11546,19100000,3800,1,1
215000,50000,18,7857,11546,19100000,3800,1,1
126282,75000,18,19385,30027,1e+07,11520,0,1
99577,50000,9,7249,7276,8e+06,6933,0,2
552413,137500,10,39265,66895,3.5e+07,9750,0,6
305228,137500,8,38792,68232,3.2e+07,14087,0,6
730000,1e+05,16,45104,80745,23450000,12853,0,6
235000,1e+05,16,45104,80745,23450000,12853,0,6
794584,175000,9,81120,161587,2.8e+07,20962,0,1
1841175,150000,14,36781,69406,1.2e+07,9330,0,1
308198,175000,4,87523,171997,38400000,22902,0,1
507397,125000,7,53074,98805,4e+07,19098,0,6
3650000,150000,0,80620,159055,5.2e+07,25320,0,6
4e+05,150000,14,143941,276210,2.6e+07,24890,0,6
2079439,75000,4,28074,48893,2.5e+07,8898,0,1
173745,125000,21,23174,34250,1e+07,12100,0,6
650000,1e+05,17,25956,45263,9800000,10300,0,1
130243,1e+05,4,28886,45513,18900000,9450,0,6
265000,1e+05,19,17056,28098,3151000,11520,0,1
150000,1e+05,0,43000,69000,29500000,13820,0,6
357801,125000,15,26113,44987,12880000,11147,0,6
304055,125000,10,38653,68623,19320000,12230,0,6
115000,75000,25,9698,5482,2750000,10400,1,3
450000,150000,3,67140,39423,51400000,28468,0,2
3e+05,150000,7,72708,47144,48700000,30439,0,3
4e+05,150000,19,66635,44080,26700000,32940,0,3
475000,75000,0,12300,19000,3.5e+07,11640,0,6
425000,150000,4,87827,154390,6e+07,24234,0,6
1143900,2e+05,37,11209,4043,1.2e+07,16740,1,8
709743,1e+05,14,78956,146184,4e+07,17600,0,6
156183,1e+05,13,52512,94993,2e+07,12240,0,6
175000,125000,19,6930,10849,5600000,4050,0,2
225000,150000,10,23200,36800,5.4e+07,14160,0,6
850000,150000,9,23100,36753,5.6e+07,14193,0,6
272465,150000,21,15393,26300,3500000,11216,0,6
260000,60000,9,14619,20250,12285000,11148,0,3
7e+05,5e+05,10,160214,306430,4.7e+07,31500,0,6
750000,5e+05,17,175720,364767,2.5e+07,24858,0,1
7e+05,5e+05,23,188728,360700,1.7e+07,40900,0,6
2216780,2e+05,14,11191,12794,1.6e+07,9870,0,7
250000,2e+05,14,11191,12794,1.3e+07,9870,0,7
425000,175000,11,81135,141861,28400000,18850,0,6
125000,75000,8,7955,12135,1.6e+07,6458,0,7
150000,75000,26,44775,49880,6700000,23200,0,7
450000,250000,5,36008,51800,4e+07,15600,0,2
350000,250000,6,36008,51800,4e+07,15662,0,2
336086,1e+05,23,12688,14602,13350000,9900,0,2
450000,250000,22,25063,38771,2e+07,11900,0,2
254300,1e+05,12,2920,4059,9350000,2379,1,6
7e+05,1e+05,27,19426,23365,3e+07,11600,0,1
1880000,130000,5,57950,109277,5.5e+07,21127,0,6
195701,135000,19,24729,41503,10500000,11200,0,1
955000,75000,12,16722,28451,10560000,6630,0,1
330000,1e+05,21,21057,42010,4400000,11200,0,6
316417,250000,17,28805,45295,33400000,9880,0,1
157390,75000,7,17209,28249,8100000,7200,0,1
140000,1e+05,16,23761,34380,1e+07,14071,0,3
335000,250000,30,25615,9652,3e+06,13200,0,2
5e+05,250000,30,25615,9652,3e+06,13200,0,2
625000,250000,30,25615,9652,3e+06,13200,0,2
122338,50000,6,23896,30291,23340000,24390,0,3
209750,120000,21,35417,64931,6e+06,14400,0,1
350000,3e+05,14,31255,47980,1.5e+07,12796,0,1
250000,1e+05,5,157976,311286,5.2e+07,31920,0,6
175000,1e+05,5,157976,311189,5.2e+07,31920,0,6
2e+05,1e+05,3,159463,298824,58980000,30797,0,6
150000,1e+05,3,81230,159057,4e+07,22920,0,6
350000,1e+05,12,149945,284497,29333333,19509,0,6
2e+05,1e+05,10,147580,260619,2.2e+07,24252,0,6
4e+05,1e+05,12,77931,142031,17466666,16585,0,6
5100000,1e+05,2,79525,139100,41493333,16820,0,6
3e+05,2e+05,19,85504,160993,1e+07,15240,0,1
538404,1e+05,19,18627,19943,5500000,21000,1,3
150414,1e+05,19,17056,27631,8e+06,11520,0,1
174444,1e+05,19,17056,27631,8500000,11520,0,1
271055,1e+05,11,9820,10466,1.3e+07,12460,0,2
925000,1e+05,1,57301,105600,4.9e+07,13856,0,6
550000,150000,4,10297,5200,4.4e+07,18244,1,9
450000,150000,5,9456,5200,4.4e+07,18244,1,9
3e+05,175000,21,70803,135169,6500000,16100,0,1
250000,175000,21,70803,135169,9600000,16100,0,1
395000,125000,15,18342,19710,6500000,14878,0,3
675000,125000,16,18353,19700,6500000,14878,0,3
630048,125000,16,18353,19710,6500000,14878,0,3
8e+05,250000,0,34970,44400,5.2e+07,15350,0,7
2200000,2e+05,8,23197,37272,40800000,14146,0,6
237250,187250,4,13015,19733,36666667,11148,0,6
225000,90000,10,10000,16710,17250000,8973,1,6
225000,1e+05,12,37474,43714,28600000,28278,0,3
302530,1e+05,14,35958,42976,26800000,28350,0,3
503959,1e+05,14,35958,42976,26800000,28350,0,3
610000,150000,7,80637,147916,4.6e+07,20940,0,6
3250000,150000,7,80637,147916,4.6e+07,20940,0,6
233750,150000,8,56164,21423,3.4e+07,17470,0,2
220000,150000,8,56164,20600,3.4e+07,17470,0,2
350000,150000,22,45365,17938,7e+06,16800,0,2
263780,185000,8,156852,300482,60500000,33264,0,6
650000,1e+05,17,38241,64239,8400000,10150,0,6
410000,110000,9,58091,110461,3.2e+07,14343,0,6
125000,75000,11,11433,17071,2.6e+07,7120,0,6
4e+05,250000,3,76567,125827,8.2e+07,23280,0,6
380000,250000,15,72120,126352,35400000,27190,0,6
418159,250000,19,24942,42838,7e+06,7965,0,1
286651,125000,14,36616,68845,1.2e+07,11300,0,1
3e+05,250000,17,9749,17298,4530000,10769,0,2
450000,1e+05,14,10948,17485,7200000,7749,0,6
1275000,75000,1,16963,28378,19800000,7953,0,1
425000,75000,11,24248,39645,11600000,11400,0,6
150000,75000,8,17380,28730,11600000,7200,0,1
150000,1e+05,16,7955,13749,8800000,3500,0,6
202317,1e+05,3,8679,3950,2.7e+07,4894,0,3
510000,250000,29,19653,29602,5e+06,12000,1,1
