"p_00","p_01","p_02","p_10","p_11","p_12","p_20","p_21","p_22"
1,0,0,0,1,0,0,0,1
0.998751659540128,0.00062370435799052,0.000624636101881103,0.00260551574189559,0.997392409063898,0.00000207519420662587,0,0,1
0.997506190953634,0.00124521148642063,0.00124859755994568,0.00520067378105094,0.994793553308867,0.00000577291008173941,0,0,1
0.99626358532058,0.0018645287746834,0.0018718859047366,0.00778550984240586,0.992203402922967,0.0000110872346270357,0,0,1
0.995023833750854,0.00248166358701382,0.00249450266213221,0.010360059529867,0.98962192819625,0.0000180122738825749,0,0,1
0.993786927384063,0.00309662326257527,0.00311644935336123,0.0129243583267194,0.987049099520415,0.0000265421528661788,0,0,1
0.992552857389437,0.00370941511554569,0.00373772749501761,0.0154784415960361,0.984484887388451,0.0000366710155130206,0,0,1
0.991321614965721,0.00432004643520346,0.00435833859907529,0.0180223445810871,0.981929262394297,0.0000483930246154087,0,0,1
0.990093191341084,0.00492852448601293,0.00497828417290297,0.0205561024057463,0.979382195232491,0.0000617023617627615,0,0,1
0.988867577773012,0.00553485650770972,0.00559756571927876,0.0230797500748974,0.976843656697821,0.0000765932272817752,0,0,1
0.987644765548209,0.00613904971538572,0.00621618473640487,0.0255933224748379,0.974313617684985,0.0000930598401767817,0,0,1
0.986424745982504,0.00674111129957372,0.0068341427179222,0.0280968543736828,0.971792049188247,0.000111096438070298,0,0,1
0.985207510420743,0.00734104842633185,0.00745144115292487,0.0305903804217654,0.969278922301091,0.000130697277143764,0,0,1
0.983993050236698,0.00793886823732765,0.00806808152597477,0.0330739351520383,0.966774208215883,0.000151856632078472,0,0,1
0.982781356832962,0.00853457784992188,0.00868406531711595,0.0355475529804715,0.964277878223532,0.000174568795996683,0,0,1
0.981572421640859,0.00912818435725204,0.00929939400188913,0.0380112682064507,0.961789903713146,0.00019882808040293,0,0,1
0.980366236120338,0.00971969482831561,0.00991406905134597,0.0404651150131728,0.959310256171702,0.000224628815125513,0,0,1
0.979162791759884,0.010309116308053,0.0105280919320635,0.042909127468041,0.956838907183701,0.000251965348258177,0,0,1
0.977962080076412,0.0108964558174301,0.0111414641061582,0.0453433395230582,0.95437582843084,0.000280832046101977,0,0,1
0.976764092615179,0.0114817203535207,0.0117541870313005,0.047767785015219,0.951920991691674,0.000311223293107328,0,0,1
0.975568820949682,0.0120649168895888,0.0123662621607287,0.0501824976669007,0.949474368841283,0.000343133491816247,0,0,1
0.974376256681566,0.0126460523751701,0.0129776909432635,0.0525875110862521,0.947035931850943,0.000376557062804765,0,0,1
0.973186391440525,0.0132251337361534,0.0135884748233215,0.0549828587675823,0.944605652787792,0.00041148844462554,0,0,1
0.971999216884208,0.0138021678748623,0.0141986152409297,0.057368574091747,0.942183503814502,0.000447922093750638,0,0,1
0.970814724698125,0.0143771616701358,0.0148081136317394,0.0597446903265342,0.939769457188951,0.000485852484514509,0,0,1
0.969632906595551,0.014950121977409,0.0154169714270402,0.062111240627048,0.937363485263895,0.000525274109057138,0,0,1
0.968453754317433,0.0155210556287938,0.0160251900537737,0.0644682580360915,0.934965560486641,0.000566181477267377,0,0,1
0.967277259632294,0.0160899694331584,0.0166327709345477,0.0668157754845485,0.932575655398725,0.000608569116726465,0,0,1
0.966103414336143,0.0166568701762077,0.0172397154876496,0.0691538257917633,0.930193742635585,0.000652431572651719,0,0,1
0.964932210252377,0.0172217646205626,0.0178460251270607,0.0714824416659199,0.92781979492624,0.000697763407840411,0,0,1
0.963763639231691,0.0177846595058394,0.0184517012624696,0.0738016557044193,0.925453785092967,0.000744559202613825,0,0,1
0.962597693151986,0.0183455615487287,0.0190567452992858,0.0761115003942561,0.923095686050982,0.000792813554761488,0,0,1
0.961434363918272,0.0189044774430742,0.0196611586386535,0.0784120081123932,0.920745470808121,0.000842521079485582,0,0,1
0.960273643462584,0.0194614138599509,0.0202649426774655,0.0807032111261355,0.918403112464519,0.000893676409345531,0,0,1
0.95911552374388,0.0200163774477439,0.0208680988083762,0.0829851415935028,0.916068584212294,0.000946274194202773,0,0,1
0.957959996747959,0.0205693748322257,0.0214706284198154,0.0852578315636002,0.913741859335234,0.00100030910116569,0,0,1
0.956807054487364,0.0211204126166341,0.0220725328960019,0.0875213129769889,0.911422911208476,0.00105577581453475,0,0,1
0.955656689001294,0.0216694973817497,0.0226738136169568,0.0897756176660538,0.909111713298198,0.00111266903574776,0,0,1
0.954508892355511,0.0222166356859728,0.0232744719585166,0.0920207773553717,0.906808239161303,0.00117098348332538,0,0,1
0.953363656642253,0.0227618340654003,0.0238745092923471,0.0942568236620771,0.904512462445106,0.00123071389281673,0,0,1
0.952220973980141,0.0233050990339024,0.0244739269859564,0.096483788096227,0.902224356887028,0.00129185501674523,0,0,1
0.951080836514093,0.0238464370831988,0.0250727264027081,0.0987017020611645,0.899943896314281,0.00135440162455457,0,0,1
0.949943236415231,0.0243858546829346,0.0256709089018347,0.100910596853881,0.897671054643564,0.00141834850255487,0,0,1
0.948808165880793,0.0249233582807565,0.0262684758384505,0.103110503665379,0.895405805880752,0.00148369045386904,0,0,1
0.947675617134047,0.0254589543023881,0.0268654285635652,0.105301453581028,0.893148124120593,0.00155042229837925,0,0,1
0.946545582424199,0.0259926491517049,0.0274617684240964,0.107483477580927,0.890897983546399,0.00161853887267363,0,0,1
0.945418054026307,0.0265244492108097,0.0280574967628832,0.109656606540261,0.888655358429746,0.0016880350299931,0,0,1
0.944293024241194,0.0270543608401073,0.0286526149186988,0.111820871229657,0.886420223130164,0.00175890564017839,0,0,1
0.943170485395358,0.0275823903783787,0.0292471242262637,0.113976302315538,0.884192552094845,0.00183114558961723,0,0,1
0.942050429840886,0.0281085441428556,0.0298410260162586,0.116122930360477,0.881972319858331,0.0019047497811917,0,0,1
0.940932849955369,0.0286328284292943,0.0304343216153371,0.118260785823551,0.879759501042223,0.00197971313422573,0,0,1
0.939817738141812,0.0291552495120494,0.0310270123461387,0.120389899060693,0.877554070354874,0.00205603058443283,0,0,1
0.938705086828551,0.0296758136441471,0.0316190995273017,0.122510300325037,0.875356002591099,0.0021336970838639,0,0,1
0.937594888469165,0.0301945270573588,0.0322105844734757,0.124622019767275,0.87316527263187,0.00221270760085529,0,0,1
0.936487135542392,0.0307113959622736,0.0328014684953345,0.126725087435996,0.870981855444027,0.00229305711997697,0,0,1
0.93538182055204,0.0312264265483714,0.0333917528995887,0.128819533278039,0.86880572607998,0.00237474064198086,0,0,1
0.934278936026907,0.031739624984095,0.0339814389889984,0.130905387138838,0.866636859677412,0.0024577531837494,0,0,1
0.933178474520692,0.0322509974169225,0.0345705280623858,0.132982678762763,0.864475231458993,0.0025420897782442,0,0,1
0.932080428611913,0.0327605499734392,0.0351590214146476,0.135051437793462,0.862320816732083,0.00262774547445488,0,0,1
0.930984790903823,0.0332682887594094,0.0357469203367678,0.137111693774211,0.860173590888441,0.00271471533734807,0,0,1
0.929891554024322,0.0337742198598477,0.0363342261158298,0.139163476148244,0.85803352940394,0.00280299444781665,0,0,1
0.928800710625881,0.0342783493390901,0.0369209400350292,0.1412068142591,0.855900607838271,0.002892577902629,0,0,1
0.927712253385449,0.0347806832408654,0.0375070633736861,0.14324173735096,0.853774801834662,0.00298346081437852,0,0,1
0.926626175004377,0.0352812275883653,0.0380925974072571,0.14526827456898,0.851656087119586,0.00307563831143334,0,0,1
0.925542468208336,0.0357799883843156,0.0386775434073483,0.147286454959635,0.849544439502479,0.00316910553788605,0,0,1
0.924461125747228,0.0362769716110456,0.0392619026417268,0.149296307471044,0.847439834875452,0.00326385765350375,0,0,1
0.923382140395107,0.0367721832305587,0.0398456763743337,0.151297860953314,0.845342249213008,0.00335988983367816,0,0,1
0.922305504950102,0.037265629184602,0.0404288658652958,0.153291144158862,0.843251658571762,0.0034571972693759,0,0,1
0.921231212234327,0.0377573153947357,0.0410114723709376,0.155276185742758,0.841168039090153,0.00355577516708898,0,0,1
0.920159255093804,0.0382472477624022,0.0415934971437942,0.157253014263045,0.83909136698817,0.00365561874878539,0,0,1
0.919089626398382,0.0387354321689956,0.0421749414326225,0.159221658181074,0.837021618567066,0.00375672325185987,0,0,1
0.918022319041656,0.03922187447593,0.0427558064824138,0.161182145861833,0.834958770209082,0.00385908392908486,0,0,1
0.916957325940886,0.0397065805247082,0.0433360935344057,0.163134505574267,0.832902798377171,0.00396269604856155,0,0,1
0.915894640036916,0.0401895561369903,0.0439158038260938,0.165078765491613,0.830853679614716,0.00406755489367115,0,0,1
0.914834254294095,0.0406708071146612,0.044494938591244,0.167014953691718,0.828811390545255,0.00417365576302627,0,0,1
0.913776161700197,0.0411503392398989,0.0450734990599042,0.168943098157366,0.826775907872211,0.00428099397042249,0,0,1
0.912720355266342,0.0416281582752418,0.0456514864584162,0.170863226776599,0.824747208378611,0.00438956484479003,0,0,1
0.911666828026916,0.0421042699636564,0.0462289020094273,0.172775367343038,0.822725268926816,0.00449936373014567,0,0,1
0.910615573039493,0.042578680028604,0.0468057469319025,0.174679547556206,0.820710066458249,0.00461038598554469,0,0,1
0.909566583384756,0.0430513941741081,0.0473820224411359,0.176575795021845,0.818701577993122,0.00472262698503308,0,0,1
0.908519852166417,0.0435224180848205,0.0479577297487624,0.178464137252234,0.816699780630166,0.00483608211759988,0,0,1
0.907475372511142,0.0439917574260883,0.0485328700627696,0.180344601666506,0.814704651546364,0.00495074678712958,0,0,1
0.906433137568471,0.0444594178440197,0.0491074445875094,0.182217215590967,0.812716167996678,0.00506661641235483,0,0,1
0.905393140510741,0.04492540496555,0.0496814545237091,0.184082006259407,0.810734307313784,0.00518368642680914,0,0,1
0.904355374533008,0.0453897243985079,0.0502549010684838,0.185939000813415,0.808759046907805,0.00530195227877984,0,0,1
0.903319832852973,0.04585238173168,0.050827785415347,0.187788226302693,0.806790364266046,0.00542140943126117,0,0,1
0.9022865087109,0.0463133825348773,0.0514001087542229,0.189629709685366,0.804828236952726,0.00554205336190748,0,0,1
0.901255395369544,0.0467727323589992,0.0519718722714572,0.191463477828294,0.802872642608719,0.00566387956298658,0,0,1
0.900226486114072,0.0472304367360991,0.0525430771498289,0.193289557507382,0.800923558951285,0.00578688354133333,0,0,1
0.89919977425199,0.0476865011794486,0.0531137245685615,0.195107975407884,0.798980963773812,0.00591106081830325,0,0,1
0.898175253113064,0.048140931183602,0.0536838157033343,0.196918758124718,0.797044834945555,0.00603640692972637,0,0,1
0.897152916049245,0.0485937322244607,0.0542533517262939,0.198721932162766,0.795115150411373,0.00616291742586119,0,0,1
0.896132756434598,0.0490449097593368,0.0548223338060652,0.200517523937181,0.79319188819147,0.00629058787134879,0,0,1
0.89511476766522,0.0494944692270171,0.0553907631077628,0.202305559773694,0.791275026381139,0.00641941384516708,0,0,1
0.894098943159172,0.0499424160478264,0.0559586407930021,0.204086065908914,0.789364543150501,0.00654939094058523,0,0,1
0.893085276356399,0.050388755623691,0.0565259680199105,0.20585906849063,0.787460416744251,0.00668051476511818,0,0,1
0.89207376071866,0.0508334933382016,0.0570927459431385,0.207624593578118,0.785562625481401,0.00681278094048139,0,0,1
0.891064389729453,0.0512766345566765,0.0576589757138708,0.209382667142431,0.783671147755023,0.00694618510254564,0,0,1
0.890057156893939,0.0517181846262236,0.0582246584798372,0.211133315066709,0.781785962031999,0.00708072290129202,0,0,1
0.889052055738872,0.0521581488758036,0.0587897953853239,0.212876563146468,0.779907046852765,0.00721639000076706,0,0,1
0.888049079812524,0.0525965326162914,0.0593543875711841,0.214612437089904,0.778034380831058,0.00735318207903801,0,0,1
0.887048222684612,0.0530333411405389,0.0599184361748494,0.216340962518185,0.776167942653667,0.00749109482814825,0,0,1
0.886049477946224,0.0534685797234361,0.0604819423303402,0.218062164965747,0.774307711080181,0.00763012395407284,0,0,1
0.88505283920975,0.0539022536219731,0.061044907168277,0.219776069880589,0.772453664942737,0.0077702651766742,0,0,1
0.884058300108808,0.0543343680753014,0.0616073318158908,0.221482702624565,0.770605783145777,0.007911514229658,0,0,1
0.883065854298171,0.0547649283047947,0.0621692173970344,0.223182088473677,0.768764044665794,0.00805386686052908,0,0,1
0.882075495453697,0.0551939395141102,0.0627305650321929,0.224874252618365,0.766928428551088,0.00819731883054761,0,0,1
0.881087217272257,0.0556214068892493,0.0632913758384941,0.226559220163797,0.765098913921517,0.00834186591468534,0,0,1
0.880101013471662,0.0560473355986179,0.0638516509297201,0.228237016130161,0.763275479968257,0.00848750390158199,0,0,1
0.879116877790596,0.0564717307930867,0.0644113914163168,0.229907665452949,0.76145810595355,0.0086342285935018,0,0,1
0.878134803988543,0.0568945976060517,0.0649705984054056,0.231571192983244,0.759646771210465,0.00878203580629018,0,0,1
0.877154785845713,0.0573159411534936,0.0655292730007932,0.233227623488013,0.757841455142656,0.00893092136933057,0,0,1
0.87617681716298,0.0577357665340375,0.0660874163029827,0.234876981650383,0.756042137224116,0.00908088112550137,0,0,1
0.875200891761803,0.058154078829013,0.0666450294091837,0.236519292069931,0.754248796998936,0.00923191093113302,0,0,1
0.874227003484164,0.0585708831025124,0.0672021134133232,0.238154579262965,0.75246141408107,0.00938400665596521,0,0,1
0.873255146192493,0.058986184401451,0.0677586694060557,0.239782867662807,0.750679968154089,0.00953716418310432,0,0,1
0.872285313769602,0.0593999877556247,0.0683146984747738,0.241404181620075,0.748904438970944,0.00969137940898084,0,0,1
0.871317500118612,0.0598122981777699,0.0688702017036185,0.24301854540296,0.747134806353733,0.00984664824330701,0,0,1
0.870351699162889,0.0602231206636208,0.06942518017349,0.244625983197512,0.745371050193454,0.0100029666090347,0,0,1
0.869387904845975,0.0606324601919684,0.0699796349620571,0.246226519107909,0.743613150449778,0.010160330442313,0,0,1
0.868426111131513,0.0610403217247185,0.0705335671437684,0.247820177156744,0.741861087150809,0.0103187356924469,0,0,1
0.867466312003189,0.061446710206949,0.0710869777898621,0.249406981285294,0.740114840392851,0.0104781783218545,0,0,1
0.866508501464655,0.0618516305669683,0.0716398679683765,0.250986955353802,0.738374390340172,0.0106386543060264,0,0,1
0.865552673539468,0.0622550877163721,0.0721922387441596,0.252560123141744,0.736639717224773,0.0108001596334832,0,0,1
0.864598822271019,0.0626570865501011,0.0727440911788802,0.254126508348112,0.734910801346153,0.0109626903057348,0,0,1
0.863646941722465,0.0630576319464979,0.0732954263310371,0.255686134591678,0.733187623071084,0.0111262423372384,0,0,1
0.862697025976667,0.0634567287673635,0.0738462452559698,0.257239025411271,0.731470162833371,0.011290811755358,0,0,1
0.861749069136117,0.0638543818580148,0.0743965490058683,0.258785204266047,0.72975840113363,0.0114563946003231,0,0,1
0.860803065322876,0.0642505960473403,0.0749463386297834,0.260324694535758,0.728052318539055,0.0116229869251875,0,0,1
0.859859008678507,0.0646453761478565,0.0754956151736362,0.261857519521021,0.72635189568319,0.011790584795789,0,0,1
0.858916893364007,0.0650387269557645,0.0760443796802285,0.263383702443588,0.724657113265703,0.0119591842907086,0,0,1
0.857976713559742,0.0654306532510051,0.0765926331892527,0.264903266446612,0.722967952052159,0.0121287815012298,0,0,1
0.857038463465383,0.0658211597973152,0.0771403767373015,0.26641623459491,0.721284392873791,0.0122993725312984,0,0,1
0.85610213729984,0.0662102513422826,0.0776876113578778,0.267922629875237,0.71960641662728,0.0124709534974823,0,0,1
0.855167729301193,0.0665979326174022,0.0782343380814048,0.269422475196541,0.717934004274528,0.0126435205289312,0,0,1
0.854235233726634,0.0669842083381301,0.0787805579352356,0.270915793390232,0.716267136842432,0.0128170697673367,0,0,1
0.853304644852398,0.0673690832039393,0.0793262719436628,0.272402607210443,0.714605795422665,0.0129915973668923,0,0,1
0.852375956973697,0.0677525618983742,0.0798714811279287,0.273882939334293,0.712949961171453,0.0131670994942539,0,0,1
0.85144916440466,0.0681346490891049,0.0804161865062347,0.275356812362148,0.711299615309352,0.0133435723285,0,0,1
0.850524261478267,0.0685153494279819,0.0809603890937509,0.276824248817877,0.709654739121031,0.0135210120610923,0,0,1
0.849601242546284,0.0688946675510901,0.0815040899026261,0.278285271149117,0.708015313955046,0.0136994148958361,0,0,1
0.8486801019792,0.0692726080788029,0.0820472899419971,0.279739901727529,0.70638132122363,0.0138787770488416,0,0,1
0.847760834166166,0.0696491756158357,0.0825899902179985,0.281188162849051,0.704752742402465,0.014059094748484,0,0,1
0.846843433514928,0.0700243747513,0.0831321917337721,0.282630076734163,0.703129559030471,0.0142403642353653,0,0,1
0.845927894451767,0.0703982100587563,0.0836738954894765,0.284065665528136,0.701511752709589,0.0144225817622749,0,0,1
0.845014211421436,0.0707706860962678,0.0842151024822967,0.285494951301287,0.699899305104562,0.014605743594151,0,0,1
0.844102378887093,0.0711418074064531,0.0847558137064534,0.286917956049238,0.69829219794272,0.0147898460080421,0,0,1
0.843192391330248,0.0715115785165394,0.0852960301532126,0.288334701693163,0.696690413013768,0.0149748852930684,0,0,1
0.842284243250691,0.0718800039384148,0.0858357528108947,0.289745210080044,0.695093932169572,0.0151608577503834,0,0,1
0.841377929166435,0.0722470881686811,0.0863749826648843,0.291149502982921,0.693502737323943,0.0153477596931357,0,0,1
0.840473443613654,0.0726128356887063,0.0869137206976394,0.292547602101141,0.691916810452428,0.015535587446431,0,0,1
0.839570781146624,0.0729772509646761,0.0874519678887004,0.293939529060612,0.690336133592095,0.0157243373472938,0,0,1
0.838669936337654,0.0733403384476466,0.0879897252146999,0.295325305414044,0.688760688841326,0.0159140057446296,0,0,1
0.837770903777033,0.0737021025735957,0.0885269936493715,0.296704952641208,0.687190458359605,0.0161045889991875,0,0,1
0.836873678072966,0.0740625477634747,0.0890637741635595,0.29807849214917,0.685625424367308,0.0162960834835219,0,0,1
0.835978253851513,0.0744216784232598,0.0896000677252277,0.299445945272549,0.684065569145495,0.0164884855819555,0,0,1
0.835084625756528,0.0747794989440035,0.0901358752994686,0.300807333273755,0.682510875035704,0.0166817916905419,0,0,1
0.834192788449602,0.0751360137018854,0.0906711978485129,0.302162677343235,0.680961324439738,0.0168759982170278,0,0,1
0.833302736609998,0.0754912270582635,0.0912060363317381,0.303511998599718,0.679416899819465,0.0170711015808164,0,0,1
0.832414464934598,0.0758451433597243,0.0917403917056781,0.304855318090459,0.677877583696611,0.0172670982129301,0,0,1
0.831527968137834,0.0761977669381341,0.0922742649240317,0.306192656791477,0.676343358652549,0.0174639845559734,0,0,1
0.830643240951639,0.0765491021106888,0.0928076569376722,0.307524035607799,0.674814207328104,0.0176617570640966,0,0,1
0.829760278125379,0.0768991531799644,0.0933405686946561,0.3088494753737,0.673290112423341,0.0178604122029585,0,0,1
0.828879074425801,0.0772479244339669,0.0938730011402318,0.310168996852943,0.671771056697367,0.0180599464496902,0,0,1
0.827999624636969,0.0775954201461822,0.0944049552168492,0.311482620739015,0.670257022968127,0.0182603562928586,0,0,1
0.827121923560206,0.0779416445756258,0.0949364318641679,0.312790367655369,0.668747994112201,0.0184616382324299,0,0,1
0.826245966014041,0.0782866019668923,0.0954674320190667,0.314092258155659,0.667243953064607,0.0186637887797335,0,0,1
0.825371746834143,0.0786302965502049,0.095997956615652,0.315388312723976,0.665744882818598,0.0188668044574259,0,0,1
0.824499260873269,0.0789727325414641,0.0965280065852667,0.316678551775083,0.664250766425462,0.0190706817994544,0,0,1
0.823628503001203,0.0793139141422974,0.0970575828564994,0.317962995654653,0.662761586994326,0.0192754173510217,0,0,1
0.8227594681047,0.0796538455401076,0.0975866863551925,0.319241664639497,0.661277327691953,0.0194810076685499,0,0,1
0.821892151087427,0.0799925309081215,0.0981153180044515,0.320514578937804,0.659797971742551,0.0196874493196447,0,0,1
0.821026546869908,0.0803299744054387,0.0986434787246535,0.321781758689369,0.658323502427571,0.0198947388830599,0,0,1
0.820162650389465,0.0806661801770798,0.0991711694334558,0.323043223965824,0.656853903085514,0.0201028729486624,0,0,1
0.819300456600161,0.0810011523540344,0.0996983910458047,0.324298994770871,0.655389157111733,0.0203118481173961,0,0,1
0.818439960472747,0.0813348950533093,0.100225144473944,0.325549091040513,0.65392924795824,0.0205216610012475,0,0,1
0.8175811569946,0.0816674123779762,0.100751430627424,0.326793532643277,0.652474159133513,0.0207323082232099,0,0,1
0.816724041169671,0.0819987084172197,0.101277250413109,0.328032339380451,0.651023874202299,0.0209437864172491,0,0,1
0.815868608018428,0.0823287872463841,0.101802604735188,0.329265530986305,0.649578376785427,0.0211560922282679,0,0,1
0.815014852577799,0.0826576529270216,0.102327494495179,0.33049312712832,0.648137650559608,0.0213692223120718,0,0,1
0.814162769901117,0.0829853095069388,0.102851920591945,0.331715147407415,0.646701679257251,0.021583173335334,0,0,1
0.813312355058064,0.083311761020244,0.103375883921692,0.332931611358171,0.645270446666268,0.0217979419755612,0,0,1
0.812463603134618,0.0836370114873942,0.103899385377988,0.334142538449054,0.643843936629887,0.022013524921059,0,0,1
0.811616509232994,0.0839610649152414,0.104422425851765,0.335347948082644,0.642422133046458,0.0222299188708974,0,0,1
0.810771068471593,0.0842839252970796,0.104945006231327,0.336547859595853,0.64100501986927,0.0224471205348771,0,0,1
0.809927275984945,0.0846055966126907,0.105467127402364,0.337742292260148,0.639592581106357,0.0226651266334947,0,0,1
0.809085126923655,0.084926082828391,0.105988790247954,0.338931265281774,0.638184800820316,0.0228839338979095,0,0,1
0.808244616454349,0.0852453878970772,0.106509995648574,0.340114797801975,0.636781663128116,0.0231035390699088,0,0,1
0.807405739759617,0.0855635157582723,0.107030744482111,0.341292908897211,0.635383152200914,0.0233239389018749,0,0,1
0.806568492037965,0.0858804703381713,0.107551037623863,0.342465617579381,0.633989252263868,0.0235451301567507,0,0,1
0.805732868503756,0.0861962555496868,0.108070875946557,0.343632942796038,0.632599947595955,0.0237671096080068,0,0,1
0.804898864387158,0.0865108752924943,0.108590260320347,0.34479490343061,0.631215222529782,0.0239898740396077,0,0,1
0.804066474934091,0.0868243334530779,0.109109191612831,0.345951518302614,0.629835061451407,0.0242134202459782,0,0,1
0.803235695406173,0.0871366339047746,0.109627670689052,0.347102806167875,0.628459448800154,0.024437745031971,0,0,1
0.802406521080668,0.08744778050782,0.110145698411512,0.348248785718738,0.62708836906843,0.0246628452128325,0,0,1
0.801578947250431,0.087757777109393,0.110663275640176,0.349389475584286,0.625721806801543,0.0248887176141705,0,0,1
0.800752969223858,0.0880666275436599,0.111180403232482,0.350524894330554,0.624359746597525,0.0251153590719212,0,0,1
0.799928582324832,0.0883743356318195,0.111697082043349,0.35165506046074,0.623002173106944,0.0253427664323161,0,0,1
0.79910578189267,0.0886809051821472,0.112213312925183,0.352779992415418,0.621649071032732,0.0255709365518494,0,0,1
0.798284563282073,0.0889863399900391,0.112729096727888,0.353899708572753,0.620300425130002,0.0257998662972455,0,0,1
0.797464921863071,0.0892906438380561,0.113244434298873,0.355014227248707,0.618956220205867,0.0260295525454264,0,0,1
0.796646853020975,0.0895938204959679,0.113759326483058,0.356123566697254,0.617616441119267,0.0262599921834794,0,0,1
0.79583035215632,0.0898958737207965,0.114273774122883,0.357227745110588,0.616281072780788,0.0264911821086245,0,0,1
0.795015414684821,0.0901968072568599,0.114787778058319,0.35832678061933,0.614950100152487,0.0267231192281826,0,0,1
0.794202036037314,0.0904966248358157,0.115301339126871,0.359420691292741,0.613623508247716,0.0269558004595431,0,0,1
0.793390211659709,0.0907953301767039,0.115814458163587,0.360509495138925,0.612301282130943,0.0271892227301321,0,0,1
0.792579937012939,0.0910929269859906,0.11632713600107,0.361593210105038,0.610983406917582,0.0274233829773805,0,0,1
0.791771207572909,0.0913894189576106,0.11683937346948,0.362671854077493,0.609669867773816,0.0276582781486919,0,0,1
0.790964018830445,0.0916848097730103,0.117351171396545,0.363745444882166,0.608360649916422,0.0278939052014115,0,0,1
0.790158366291241,0.0919791031011905,0.117862530607568,0.364814000284604,0.607055738612602,0.0281302611027938,0,0,1
0.789354245475815,0.0922723025987489,0.118373451925436,0.365877537990223,0.605755119179805,0.0283673428299717,0,0,1
0.788551651919453,0.0925644119099222,0.118883936170624,0.366936075644515,0.60445877698556,0.0286051473699249,0,0,1
0.787750581172163,0.092855434666629,0.119393984161208,0.36798963083325,0.603166697447301,0.0288436717194486,0,0,1
0.786951028798622,0.0931453744885112,0.119903596712867,0.369038221082679,0.601878866032199,0.0290829128851221,0,0,1
0.786152990378128,0.0934342349829762,0.120412774638895,0.370081863859734,0.600595268256988,0.0293228678832783,0,0,1
0.785356461504553,0.0937220197452392,0.120921518750208,0.371120576572228,0.5993158896878,0.0295635337399721,0,0,1
0.784561437786289,0.0940087323583638,0.121429829855347,0.372154376569056,0.598040715939994,0.0298049074909497,0,0,1
0.783767914846202,0.0942943763933047,0.121937708760494,0.373183281140396,0.596769732677985,0.0300469861816181,0,0,1
0.782975888321582,0.0945789554089481,0.12244515626947,0.374207307517905,0.595502925615081,0.0302897668670139,0,0,1
0.782185353864097,0.0948624729521538,0.122952173183749,0.375226472874915,0.594240280513312,0.0305332466117732,0,0,1
0.78139630713974,0.0951449325577955,0.123458760302465,0.376240794326636,0.592981783183264,0.0307774224901006,0,0,1
0.780608743828782,0.0954263377488022,0.123964918422415,0.377250288930348,0.591727419483913,0.0310222915857395,0,0,1
0.779822659625728,0.0957066920361991,0.124470648338073,0.378254973685598,0.590477175322461,0.0312678509919409,0,0,1
0.779038050239262,0.0959859989191479,0.12497595084159,0.379254865534397,0.589231036654169,0.0315140978114339,0,0,1
0.778254911392204,0.0962642618849876,0.125480826722809,0.380249981361411,0.587988989482194,0.0317610291563953,0,0,1
0.777473238821461,0.0965414844092748,0.125985276769265,0.381240337994158,0.586751019857422,0.0320086421484196,0,0,1
0.776693028277978,0.096817669955824,0.126489301766198,0.382225952203201,0.58551711387831,0.032256933918489,0,0,1
0.775914275526694,0.0970928219767478,0.126992902496558,0.383206840702337,0.584287257690719,0.032505901606944,0,0,1
0.775136976346491,0.0973669439124965,0.127496079741013,0.384183020148794,0.583061437487753,0.0327555423634531,0,0,1
0.774361126530148,0.0976400391918985,0.127998834277953,0.385154507143419,0.581839639509598,0.0330058533469833,0,0,1
0.773586721884296,0.0979121112321995,0.128501166883504,0.38612131823087,0.580621850043359,0.033256831725771,0,0,1
0.772813758229369,0.0981831634391024,0.129003078331528,0.387083469899805,0.579408055422903,0.0335084746772919,0,0,1
0.772042231399559,0.0984531992068065,0.129504569393635,0.388040978583071,0.578198242028697,0.0337607793882321,0,0,1
0.771272137242766,0.0987222219180469,0.130005640839187,0.388993860657896,0.576992396287646,0.0340137430544588,0,0,1
0.770503471620557,0.0989902349441338,0.130506293435309,0.389942132446071,0.575790504672938,0.0342673628809908,0,0,1
0.769736230408117,0.0992572416449913,0.131006527946891,0.390885810214143,0.574592553703887,0.03452163608197,0,0,1
0.768970409494203,0.0995232453691962,0.131506345136601,0.3918249101736,0.573398529945768,0.0347765598806316,0,0,1
0.768206004781097,0.0997882494540171,0.132005745764886,0.392759448481056,0.572208420009668,0.0350321315092762,0,0,1
0.767443012184563,0.100052257225453,0.132504730589984,0.393689441238436,0.571022210552324,0.0352883482092401,0,0,1
0.766681427633801,0.100315271998271,0.133003300367928,0.394614904493165,0.569839888275968,0.0355452072308672,0,0,1
0.7659212470714,0.100577297076046,0.133501455852554,0.395535854238346,0.568661439928174,0.0358027058334801,0,0,1
0.765162466453292,0.100838335751198,0.133999197795509,0.396452306412949,0.5674868523017,0.0360608412853516,0,0,1
0.764405081748713,0.101098391305031,0.134496526946257,0.397364276901991,0.566316112234332,0.0363196108636764,0,0,1
0.763649088940148,0.101357467007768,0.134993444052084,0.398271781536721,0.565149206608736,0.0365790118545426,0,0,1
0.762894484023297,0.101615566118594,0.135489949858108,0.399174836094798,0.563986122352299,0.0368390415529034,0,0,1
0.762141263007023,0.10187269188569,0.135986045107287,0.400073456300473,0.562826846436977,0.0370996972625494,0,0,1
0.761389421913309,0.102128847546271,0.136481730540419,0.400967657824775,0.561671365879146,0.0373609762960797,0,0,1
0.760638956777217,0.102384036326624,0.136977006896158,0.401857456285681,0.560519667739444,0.0376228759748748,0,0,1
0.759889863646841,0.102638261442146,0.137471874911014,0.402742867248306,0.559371739122626,0.0378853936290681,0,0,1
0.759142138583261,0.102891526097379,0.137966335319361,0.403623906225072,0.55822756717741,0.0381485265975183,0,0,1
0.758395777660504,0.103143833486049,0.138460388853447,0.404500588675893,0.557087139096325,0.0384122722277817,0,0,1
0.757650776965498,0.103395186791104,0.138954036243398,0.405372930008349,0.555950442115566,0.0386766278760846,0,0,1
0.756907132598027,0.103645589184747,0.139447278217225,0.406240945577865,0.554817463514839,0.0389415909072955,0,0,1
0.756164840670691,0.103895043828476,0.139940115500833,0.407104650687884,0.553688190617218,0.039207158694898,0,0,1
0.755423897308859,0.104143553873119,0.140432548818022,0.407964060590046,0.55256261078899,0.0394733286209634,0,0,1
0.754684298650628,0.104391122458872,0.1409245788905,0.408819190484362,0.551440711439515,0.039740098076123,0,0,1
0.753946040846781,0.104637752715331,0.141416206437888,0.409670055519386,0.550322480021072,0.0400074644595414,0,0,1
0.753209120060741,0.104883447761535,0.141907432177724,0.410516670792394,0.549207904028716,0.0402754251788892,0,0,1
0.752473532468531,0.105128210705997,0.142398256825472,0.411359051349553,0.548096971000131,0.0405439776503159,0,0,1
0.751739274258732,0.10537204464674,0.142888681094528,0.412197212186094,0.546989668515482,0.0408131192984231,0,0,1
0.751006341632437,0.105614952671337,0.143378705696226,0.413031168246487,0.545885984197276,0.0410828475562376,0,0,1
0.750274730803213,0.10585693785694,0.143868331339847,0.413860934424609,0.544785905710207,0.0413531598651845,0,0,1
0.749544437997057,0.106098003270322,0.144357558732621,0.414686525563916,0.543689420761023,0.0416240536750608,0,0,1
0.748815459452353,0.10633815196791,0.144846388579737,0.415507956457617,0.542596517098374,0.0418955264440086,0,0,1
0.748087791419832,0.106577386995818,0.14533482158435,0.416325241848838,0.541507182512674,0.0421675756384887,0,0,1
0.747361430162529,0.106815711389886,0.145822858447585,0.417138396430793,0.540421404835953,0.0424401987332541,0,0,1
0.746636371955742,0.107053128175713,0.146310499868545,0.417947434846957,0.53933917194172,0.0427133932113237,0,0,1
0.745912613086994,0.107289640368691,0.146797746544316,0.418752371691226,0.538260471744818,0.0429871565639559,0,0,1
0.745190149855983,0.107525250974043,0.147284599169974,0.419553221508094,0.537185292201284,0.0432614862906228,0,0,1
0.744468978574551,0.107759962986854,0.147771058438595,0.42034999879281,0.536113621308207,0.0435363798989836,0,0,1
0.743749095566636,0.10799377939211,0.148257125041254,0.421142717991552,0.535045447103589,0.043811834904859,0,0,1
0.743030497168235,0.108226703164727,0.148742799667038,0.42193139350159,0.533980757666205,0.0440878488322052,0,0,1
0.742313179727361,0.10845873726959,0.149228083003049,0.42271603967145,0.532919541115462,0.0443644192130878,0,0,1
0.741597139604004,0.108689884661584,0.149712975734411,0.42349667080108,0.531861785611264,0.0446415435876565,0,0,1
0.740882373170091,0.108920148285632,0.150197478544277,0.424273301142014,0.530807479353867,0.0449192195041188,0,0,1
0.740168876809442,0.109149531076723,0.150681592113834,0.425045944897537,0.529756610583748,0.0451974445187151,0,0,1
0.739456646917736,0.109378035959954,0.15116531712231,0.425814616222844,0.528709167581463,0.0454762161956927,0,0,1
0.738745679902465,0.109605665850555,0.15164865424698,0.426579329225206,0.527665138667513,0.0457555321072804,0,0,1
0.738035972182899,0.109832423653929,0.152131604163173,0.427340097964131,0.526624512202206,0.0460353898336635,0,0,1
0.737327520190042,0.110058312265683,0.152614167544276,0.428096936451524,0.525587276585518,0.0463157869629581,0,0,1
0.736620320366595,0.110283334571661,0.153096345061743,0.42884985865185,0.524553420256964,0.0465967210911861,0,0,1
0.735914369166919,0.110507493447981,0.1535781373851,0.429598878482292,0.523522931695458,0.0468781898222502,0,0,1
0.735209663056989,0.110730791761062,0.154059545181949,0.430344009812912,0.52249579941918,0.0471601907679087,0,0,1
0.734506198514359,0.110953232367662,0.154540569117979,0.43108526646681,0.52147201198544,0.0474427215477505,0,0,1
0.733803972028126,0.111174818114908,0.155021209856966,0.431822662220282,0.520451557990547,0.0477257797891704,0,0,1
0.733102980098884,0.111395551840333,0.155501468060784,0.43255621080298,0.519434426069676,0.0480093631273443,0,0,1
0.732403219238689,0.111615436371903,0.155981344389408,0.433285925898065,0.51842060489673,0.0482934692052044,0,0,1
0.731704685971023,0.111834474528053,0.156460839500924,0.43401182114237,0.517410083184215,0.0485780956734144,0,0,1
0.731007376830749,0.112052669117722,0.156939954051529,0.434733910126552,0.516402849683102,0.0488632401903454,0,0,1
0.730311288364081,0.112270022940378,0.157418688695542,0.43545220639525,0.515398893182699,0.0491489004220509,0,0,1
0.729616417128536,0.112486538786058,0.157897044085406,0.436166723447238,0.514398202510519,0.0494350740422428,0,0,1
0.728922759692904,0.112702219435396,0.158375020871701,0.436877474735584,0.513400766532149,0.0497217587322668,0,0,1
0.728230312637206,0.112917067659655,0.158852619703139,0.4375844736678,0.512406574151121,0.0500089521810784,0,0,1
0.727539072552657,0.113131086220762,0.159329841226581,0.438287733605999,0.511415614308782,0.0502966520852185,0,0,1
0.72684903604163,0.113344277871336,0.159806686087035,0.438987267867048,0.510427875984163,0.0505848561487894,0,0,1
0.726160199717613,0.113556645354722,0.160283154927665,0.439683089722716,0.509443348193853,0.0508735620834309,0,0,1
0.725472560205179,0.113768191405022,0.160759248389799,0.440375212399834,0.50846201999187,0.051162767608296,0,0,1
0.724786114139942,0.113978918747129,0.161234967112929,0.441063649080442,0.50748388046953,0.0514524704500277,0,0,1
0.724100858168526,0.114188830096751,0.161710311734723,0.441748412901939,0.506508918755327,0.0517426683427343,0,0,1
0.72341678894852,0.114397928160453,0.162185282891027,0.442429516957238,0.505537124014795,0.0520333590279666,0,0,1
0.72273390314845,0.114606215635679,0.162659881215871,0.443106974294913,0.504568485450393,0.0523245402546937,0,0,1
0.722052197447734,0.114813695210788,0.163134107341478,0.44378079791935,0.503602992301371,0.0526162097792794,0,0,1
0.721371668536653,0.115020369565083,0.163607961898264,0.444451000790895,0.502640633843646,0.0529083653654592,0,0,1
0.720692313116307,0.115226241368843,0.164081445514851,0.445117595826003,0.50168139938968,0.0532010047843164,0,0,1
0.720014127898582,0.115431313283353,0.164554558818065,0.44578059589739,0.500725278288351,0.053494125814259,0,0,1
0.719337109606116,0.115635587960935,0.165027302432949,0.446440013834173,0.499772259924831,0.0537877262409964,0,0,1
0.718661254972259,0.115839068044979,0.165499676982762,0.447095862422024,0.49882233372046,0.054081803857516,0,0,1
0.717986560741038,0.116041756169973,0.16597168308899,0.447748154403313,0.497875489132626,0.0543763564640607,0,0,1
0.717313023667121,0.116243654961532,0.166443321371348,0.448396902477256,0.496931715654639,0.0546713818681049,0,0,1
0.716640640515781,0.11644476703643,0.166914592447788,0.44904211930006,0.495991002815607,0.0549668778843326,0,0,1
0.715969408062864,0.116645095002632,0.167385496934504,0.449683817485068,0.495053340180319,0.0552628423346135,0,0,1
0.715299323094746,0.116844641459318,0.167856035445936,0.450322009602903,0.494118717349116,0.0555592730479808,0,0,1
0.714630382408302,0.11704340899692,0.168326208594777,0.450956708181613,0.493187123957778,0.0558561678606086,0,0,1
0.713962582810874,0.117241400197146,0.16879601699198,0.451587925706816,0.492258549677395,0.0561535246157884,0,0,1
0.713295921120227,0.117438617633014,0.16926546124676,0.452215674621842,0.491332984214251,0.0564513411639073,0,0,1
0.712630394164521,0.117635063868878,0.169734541966601,0.452839967327873,0.490410417309702,0.0567496153624251,0,0,1
0.711965998782274,0.117830741460461,0.170203259757265,0.453460816184091,0.489490838740057,0.057048345075852,0,0,1
0.711302731822328,0.118025652954882,0.17067161522279,0.454078233507815,0.488574238316459,0.057347528175726,0,0,1
0.710640590143809,0.118219800890687,0.171139608965504,0.454692231574643,0.487660605884766,0.0576471625405907,0,0,1
0.709979570616101,0.118413187797876,0.171607241586023,0.455302822618597,0.48674993132543,0.0579472460559731,0,0,1
0.709319670118805,0.118605816197934,0.172074513683261,0.455910018832256,0.485842204553383,0.0582477766143613,0,0,1
0.708660885541705,0.11879768860386,0.172541425854435,0.456513832366903,0.484937415517915,0.0585487521151825,0,0,1
0.708003213784737,0.118988807520195,0.173007978695068,0.457114275332659,0.48403555420256,0.0588501704647809,0,0,1
0.707346651757954,0.11917917544305,0.173474172798996,0.457711359798626,0.483136610624979,0.0591520295763958,0,0,1
0.706691196381488,0.119368794860139,0.173940008758374,0.458305097793022,0.482240574836839,0.0594543273701395,0,0,1
0.70603684458552,0.119557668250801,0.174405487163679,0.458895501303321,0.481347436923703,0.0597570617729758,0,0,1
0.705383593310247,0.119745798086035,0.174870608603719,0.459482582276391,0.480457187004911,0.0600602307186979,0,0,1
0.704731439505843,0.119933186828523,0.175335373665634,0.460066352618629,0.479569815233464,0.060363832147907,0,0,1
0.704080380132432,0.120119836932663,0.175799782934906,0.460646824196098,0.478685311795911,0.0606678640079906,0,0,1
0.703430412160049,0.120305750844593,0.176263836995358,0.461224008834666,0.477803666912233,0.0609723242531006,0,0,1
0.702781532568609,0.120490931002224,0.176727536429167,0.461797918320136,0.476924870835731,0.0612772108441323,0,0,1
0.702133738347876,0.120675379835262,0.177190881816862,0.462368564398388,0.476048913852909,0.0615825217487029,0,0,1
0.701487026497424,0.120859099765242,0.177653873737334,0.462935958775506,0.475175786283364,0.0618882549411299,0,0,1
0.70084139402661,0.121042093205551,0.178116512767839,0.463500113117922,0.474305478479668,0.06219440840241,0,0,1
0.700196837954536,0.121224362561459,0.178578799484005,0.464061039052538,0.473437980827264,0.0625009801201979,0,0,1
0.699553355310022,0.121405910230144,0.179040734459833,0.46461874816687,0.472573283744345,0.0628079680887849,0,0,1
0.698910943131567,0.121586738600724,0.179502318267709,0.465173252009176,0.471711377681746,0.0631153703090783,0,0,1
0.69826959846732,0.121766850054277,0.179963551478403,0.465724562088587,0.470852253122833,0.06342318478858,0,0,1
0.697629318375047,0.121946246963878,0.180424434661075,0.466272689875242,0.469995900583392,0.0637314095413656,0,0,1
0.6969900999221,0.122124931694616,0.180884968383284,0.466817646800419,0.469142310611517,0.0640400425880638,0,0,1
0.696351940185379,0.12230290660363,0.181345153210991,0.467359444256664,0.4682914737875,0.0643490819558351,0,0,1
0.695714836251309,0.122480174040131,0.18180498970856,0.467898093597926,0.467443380723723,0.0646585256783516,0,0,1
0.6950787852158,0.12265673634543,0.182264478438771,0.468433606139681,0.466598022064543,0.0649683717957759,0,0,1
0.694443784184217,0.122832595852966,0.182723619962816,0.468965993159067,0.465755388486192,0.0652786183547406,0,0,1
0.693809830271353,0.123007754888332,0.183182414840314,0.469495265895012,0.46491547069666,0.065589263408328,0,0,1
0.693176920601391,0.123182215769303,0.183640863629307,0.470021435548362,0.464078259435589,0.0659003050160493,0,0,1
0.692545052307874,0.123355980805858,0.184098966886269,0.470544513282009,0.463243745474167,0.0662117412438241,0,0,1
0.691914222533675,0.123529052300213,0.184556725166112,0.471064510221021,0.462411919615018,0.0665235701639607,0,0,1
0.691284428430967,0.123701432546844,0.185014139022189,0.471581437452768,0.461582772692097,0.0668357898551349,0,0,1
0.690655667161187,0.123873123832513,0.185471209006301,0.472095306027049,0.46075629557058,0.0671483984023704,0,0,1
0.690027935895008,0.124044128436295,0.185927935668697,0.472606126956221,0.45993247914676,0.0674613938970186,0,0,1
0.689401231812309,0.124214448629606,0.186384319558085,0.473113911215323,0.459111314347939,0.0677747744367381,0,0,1
0.688775552102139,0.124384086676225,0.186840361221635,0.473618669742201,0.458292792132324,0.0680885381254751,0,0,1
0.688150893962694,0.124553044832324,0.187296061204982,0.474120413437637,0.45747690348892,0.0684026830734434,0,0,1
0.687527254601278,0.124721325346491,0.187751420052231,0.47461915316547,0.456663639437426,0.068717207397104,0,0,1
0.686904631234276,0.124888930459758,0.188206438305965,0.475114899752726,0.455852991028128,0.069032109219146,0,0,1
0.686283021087128,0.125055862405626,0.188661116507247,0.475607663989733,0.4550449493418,0.0693473866684663,0,0,1
0.685662421394288,0.125222123410088,0.189115455195624,0.476097456630257,0.454239505489593,0.0696630378801499,0,0,1
0.685042829399204,0.125387715691661,0.189569454909136,0.476584288391614,0.453436650612936,0.0699790609954506,0,0,1
0.684424242354281,0.125552641461403,0.190023116184316,0.477068169954799,0.45263637588343,0.070295454161771,0,0,1
0.683806657520855,0.125716902922947,0.190476439556198,0.477549111964608,0.451838672502749,0.0706122155326433,0,0,1
0.683190072169161,0.125880502272519,0.19092942555832,0.478027125029759,0.451043531702532,0.0709293432677096,0,0,1
0.682574483578302,0.126043441698967,0.191382074722731,0.478502219723013,0.450250944744285,0.0712468355327026,0,0,1
0.681959889036221,0.126205723383787,0.191834387579991,0.478974406581297,0.449460902919277,0.0715646904994263,0,0,1
0.681346285839672,0.126367349501145,0.192286364659183,0.479443696105823,0.44867339754844,0.0718829063457366,0,0,1
0.680733671294187,0.126528322217904,0.192738006487909,0.479910098762212,0.447888419982266,0.072201481255522,0,0,1
0.68012204271405,0.126688643693647,0.193189313592303,0.480373624980608,0.447105961600707,0.072520413418685,0,0,1
0.679511397422265,0.126848316080705,0.193640286497029,0.480834285155803,0.446326013813075,0.0728397010311221,0,0,1
0.67890173275053,0.127007341524178,0.194090925725292,0.481292089647354,0.44554856805794,0.0731593422947055,0,0,1
0.678293046039203,0.127165722161963,0.194541231798834,0.481747048779702,0.444773615803034,0.0734793354172639,0,0,1
0.677685334637275,0.127323460124775,0.194991205237949,0.482199172842291,0.444001148545145,0.0737996786125634,0,0,1
0.677078595902345,0.127480557536175,0.19544084656148,0.482648472089685,0.443231157810027,0.0741203701002888,0,0,1
0.676472827200584,0.127637016512591,0.195890156286825,0.483094956741684,0.442463635152291,0.074441408106025,0,0,1
0.67586802590671,0.127792839163346,0.196339134929945,0.483538636983448,0.441698572155314,0.0747627908612378,0,0,1
0.67526418940396,0.127948027590677,0.196787783005363,0.483979522965604,0.44093596043114,0.0750845166032557,0,0,1
0.674661315084059,0.128102583889767,0.197236101026175,0.484417624804372,0.440175791620378,0.0754065835752507,0,0,1
0.674059400347193,0.128256510148758,0.197684089504049,0.484852952581672,0.439418057392107,0.0757289900262206,0,0,1
0.673458442601981,0.128409808448787,0.198131748949232,0.485285516345248,0.438662749443782,0.0760517342109697,0,0,1
0.672858439265445,0.128562480864,0.198579079870555,0.485715326108777,0.437909859501132,0.0763748143900905,0,0,1
0.672259387762982,0.128714529461582,0.199026082775436,0.486142391851987,0.437159379318067,0.0766982288299459,0,0,1
0.671661285528337,0.128865956301778,0.199472758169885,0.486566723520771,0.436411300676579,0.0770219758026501,0,0,1
0.671064130003574,0.129016763437917,0.199919106558509,0.4869883310273,0.435665615386649,0.0773460535860508,0,0,1
0.670467918639049,0.129166952916434,0.200365128444517,0.487407224250138,0.434922315286151,0.0776704604637109,0,0,1
0.66987264889338,0.129316526776898,0.200810824329721,0.487823413034353,0.434181392240757,0.0779951947248903,0,0,1
0.669278318233423,0.129465487052031,0.201256194714546,0.488236907191634,0.433442838143839,0.0783202546645277,0,0,1
0.668684924134238,0.129613835767732,0.201701240098029,0.488647716500399,0.432706644916378,0.078645638583223,0,0,1
0.66809246407907,0.129761574943103,0.202145960977827,0.489055850705911,0.431972804506871,0.0789713447872186,0,0,1
0.667500935559314,0.129908706590467,0.202590357850219,0.489461319520386,0.431241308891232,0.0792973715883822,0,0,1
0.666910336074491,0.130055232715397,0.203034431210111,0.489864132623109,0.430512150072703,0.0796237173041885,0,0,1
0.66632066313222,0.130201155316736,0.203478181551044,0.490264299660539,0.429785320081759,0.0799503802577016,0,0,1
0.665731914248191,0.130346476386617,0.203921609365192,0.490661830246426,0.429060810976016,0.0802773587775571,0,0,1
0.665144086946139,0.130491197910492,0.20436471514337,0.491056733961918,0.428338614840138,0.0806046511979445,0,0,1
0.664557178757812,0.13063532186715,0.204807499375038,0.491449020355668,0.427618723785742,0.0809322558585894,0,0,1
0.663971187222953,0.130778850228742,0.205249962548306,0.491838698943951,0.426901129951313,0.0812601711047362,0,0,1
0.663386109889263,0.130921784960801,0.205692105149935,0.492225779210765,0.426185825502104,0.0815883952871304,0,0,1
0.662801944312383,0.13106412802227,0.206133927665347,0.492610270607947,0.425472802630052,0.0819169267620011,0,0,1
0.66221868805586,0.131205881365517,0.206575430578623,0.492992182555274,0.424762053553682,0.0822457638910436,0,0,1
0.661636338691127,0.131347046936362,0.207016614372511,0.49337152444058,0.424053570518018,0.0825749050414023,0,0,1
0.661054893797472,0.131487626674099,0.207457479528429,0.493748305619854,0.423347345794494,0.0829043485856528,0,0,1
0.660474350962012,0.131627622511518,0.20789802652647,0.494122535417354,0.422643371680861,0.0832340929017854,0,0,1
0.659894707779669,0.131767036374925,0.208338255845406,0.494494223125712,0.421941640501101,0.0835641363731871,0,0,1
0.659315961853143,0.131905870184167,0.20877816796269,0.49486337800604,0.421242144605334,0.0838944773886252,0,0,1
0.658738110792883,0.132044125852653,0.209217763354464,0.495230009288038,0.420544876369732,0.0842251143422298,0,0,1
0.658161152217065,0.132181805287374,0.209657042495561,0.495594126170097,0.419849828196426,0.0845560456334768,0,0,1
0.657585083751563,0.132318910388928,0.210096005859509,0.495955737819406,0.419156992513423,0.0848872696671711,0,0,1
0.657009903029927,0.132455443051538,0.210534653918536,0.496314853372058,0.418466361774512,0.0852187848534294,0,0,1
0.656435607693351,0.132591405163078,0.210972987143571,0.496671481933155,0.417777928459182,0.0855505896076636,0,0,1
0.655862195390654,0.132726798605092,0.211411006004254,0.497025632576908,0.417091685072528,0.0858826823505637,0,0,1
0.65528966377825,0.132861625252814,0.211848710968936,0.497377314346749,0.41640762414517,0.0862150615080815,0,0,1
0.654718010520123,0.132995886975194,0.212286102504683,0.497726536255426,0.415725738233161,0.0865477255114132,0,0,1
0.654147233287804,0.133129585634916,0.212723181077281,0.498073307285113,0.415046019917903,0.0868806727969835,0,0,1
0.653577329760342,0.133262723088418,0.21315994715124,0.498417636387511,0.41436846180606,0.0872139018064284,0,0,1
0.653008297624283,0.133395301185918,0.2135964011898,0.498759532483949,0.413693056529472,0.0875474109865789,0,0,1
0.652440134573641,0.13352732177143,0.214032543654929,0.499099004465488,0.413019796745067,0.0878811987894445,0,0,1
0.651872838309875,0.13365878668279,0.214468375007335,0.499436061193022,0.412348675134781,0.0882152636721967,0,0,1
0.651306406541863,0.133789697751672,0.214903895706465,0.499770711497382,0.411679684405465,0.0885496040971528,0,0,1
0.650740836985878,0.133920056803614,0.215339106210508,0.500102964179433,0.411012817288808,0.0888842185317591,0,0,1
0.650176127365563,0.134049865658034,0.215774006976403,0.50043282801018,0.410348066541245,0.089219105448575,0,0,1
0.649612275411904,0.134179126128255,0.216208598459841,0.500760311730865,0.409685424943878,0.0895542633252568,0,0,1
0.64904927886321,0.134307840021522,0.216642881115269,0.501085424053068,0.409024885302391,0.0898896906445411,0,0,1
0.648487135465084,0.134436009139025,0.217076855395892,0.501408173658807,0.408366440446964,0.0902253858942293,0,0,1
0.6479258429704,0.13456363527592,0.21751052175368,0.501728569200639,0.40771008323219,0.0905613475671707,0,0,1
0.647365399139279,0.134690720221348,0.217943880639373,0.502046619301758,0.407055806536995,0.0908975741612472,0,0,1
0.646805801739066,0.134817265758456,0.218376932502478,0.502362332556092,0.406403603264551,0.091234064179357,0,0,1
0.646247048544301,0.134943273664418,0.218809677791281,0.502675717528407,0.405753466342194,0.0915708161293986,0,0,1
0.645689137336701,0.135068745710453,0.219242116952846,0.5029867827544,0.405105388721345,0.0919078285242551,0,0,1
0.645132065905131,0.135193683661848,0.219674250433021,0.503295536740797,0.404459363377425,0.0922450998817781,0,0,1
0.644575832045582,0.135318089277979,0.22010607867644,0.503601987965456,0.403815383309772,0.0925826287247723,0,0,1
0.644020433561147,0.135441964312325,0.220537602126528,0.503906144877458,0.403173441541562,0.0929204135809795,0,0,1
0.643465868261999,0.135565310512495,0.220968821225506,0.504208015897208,0.402533531119729,0.0932584529830629,0,0,1
0.642912133965362,0.135688129620245,0.221399736414393,0.504507609416529,0.401895645114879,0.0935967454685917,0,0,1
0.642359228495493,0.135810423371498,0.221830348133009,0.50480493379876,0.401259776621215,0.0939352895800252,0,0,1
0.641807149683655,0.135932193496363,0.222260656819982,0.505099997378851,0.400625918756451,0.0942740838646974,0,0,1
0.641255895368095,0.136053441719156,0.222690662912748,0.50539280846346,0.399994064661738,0.0946131268748019,0,0,1
0.64070546339402,0.13617416975842,0.223120366847559,0.505683375331045,0.399364207501579,0.0949524171673757,0,0,1
0.640155851613573,0.136294379326943,0.223549769059483,0.505971706231964,0.398736340463752,0.0952919533042844,0,0,1
0.639607057885812,0.13641407213178,0.223978869982408,0.506257809388565,0.398110456759229,0.0956317338522067,0,0,1
0.639059080076683,0.136533249874267,0.22440767004905,0.506541692995283,0.397486549622098,0.095971757382619,0,0,1
0.638511916059,0.13665191425005,0.224836169690951,0.506823365218732,0.396864612309487,0.0963120224717805,0,0,1
0.637965563712421,0.136770066949094,0.225264369338485,0.507102834197803,0.39624463810148,0.0966525277007176,0,0,1
0.637420020923426,0.13688770965571,0.225692269420865,0.50738010804375,0.395626620301041,0.0969932716552088,0,0,1
0.636875285585291,0.137004844048569,0.22611987036614,0.507655194840292,0.395010552233938,0.09733425292577,0,0,1
0.636331355598069,0.137121471800726,0.226547172601205,0.507928102643696,0.394396427248665,0.0976754701076389,0,0,1
0.635788228868565,0.137237594579633,0.226974176551802,0.508198839482879,0.39378423871636,0.0980169218007607,0,0,1
0.635245903310314,0.137353214047165,0.227400882642521,0.508467413359494,0.393173980030734,0.0983586066097722,0,0,1
0.634704376843558,0.137468331859633,0.227827291296809,0.508733832248022,0.39256564460799,0.0987005231439879,0,0,1
0.634163647395225,0.137582949667806,0.228253402936969,0.508998104095868,0.391959225886748,0.0990426700173843,0,0,1
0.633623712898902,0.13769706911693,0.228679217984168,0.509260236823446,0.391354717327968,0.0993850458485858,0,0,1
0.633084571294821,0.137810691846744,0.229104736858435,0.509520238324276,0.390752112414875,0.0997276492608493,0,0,1
0.632546220529827,0.137923819491503,0.22952995997867,0.509778116465068,0.390151404652882,0.10007047888205,0,0,1
0.632008658557364,0.138036453679992,0.229954887762644,0.51003387908582,0.389552587569513,0.100413533344666,0,0,1
0.631471883337447,0.138148596035549,0.230379520627005,0.510287533999901,0.388955654714333,0.100756811285766,0,0,1
0.630935892836643,0.138260248176079,0.230803858987278,0.510539088994145,0.388360599658866,0.101100311346989,0,0,1
0.630400685028049,0.138371411714076,0.231227903257875,0.510788551828936,0.387767415996525,0.101444032174539,0,0,1
0.629866257891269,0.13848208825664,0.231651653852091,0.511035930238305,0.387176097342535,0.10178797241916,0,0,1
0.629332609412392,0.138592279405497,0.232075111182112,0.511281231930008,0.386586637333861,0.102132130736131,0,0,1
0.628799737583971,0.138701986757012,0.232498275659017,0.511524464585625,0.38599902962913,0.102476505785245,0,0,1
0.628267640405003,0.138811211902214,0.232921147692783,0.511765635860639,0.385413267908564,0.102821096230796,0,0,1
0.627736315880903,0.13891995642681,0.233343727692287,0.512004753384532,0.384829345873898,0.10316590074157,0,0,1
0.627205762023485,0.139028221911205,0.23376601606531,0.512241824760866,0.384247257248313,0.103510917990821,0,0,1
0.626675976850943,0.139136009930517,0.23418801321854,0.512476857567373,0.383666995776361,0.103856146656266,0,0,1
0.626146958387825,0.139243322054599,0.234609719557576,0.512709859356043,0.38308855522389,0.104201585420067,0,0,1
0.625618704665015,0.139350159848054,0.235031135486932,0.512940837653209,0.382511929377976,0.104547232968814,0,0,1
0.625091213719708,0.139456524870254,0.235452261410038,0.513169799959635,0.381937112046847,0.104893087993518,0,0,1
0.624564483595395,0.139562418675357,0.235873097729248,0.513396753750598,0.381364097059812,0.105239149189589,0,0,1
0.624038512341835,0.139667842812327,0.236293644845837,0.513621706475981,0.38079287826719,0.105585415256829,0,0,1
0.623513298015041,0.139772798824948,0.236713903160011,0.513844665560351,0.380223449540237,0.105931884899412,0,0,1
0.62298883867725,0.139877288251844,0.237133873070906,0.514065638403049,0.379655804771075,0.106278556825876,0,0,1
0.622465132396913,0.139981312626495,0.237553554976592,0.514284632378272,0.379089937872624,0.106625429749104,0,0,1
0.621942177248664,0.140084873477257,0.237972949274078,0.514501654835162,0.378525842778526,0.106972502386312,0,0,1
0.621419971313307,0.140187972327377,0.238392056359315,0.514716713097884,0.377963513443077,0.107319773459039,0,0,1
0.62089851267779,0.140290610695012,0.238810876627198,0.514929814465716,0.377402943841159,0.107667241693125,0,0,1
0.620377799435187,0.140392790093243,0.239229410471569,0.515140966213129,0.376844127968164,0.108014905818706,0,0,1
0.619857829684678,0.140494512030098,0.239647658285224,0.515350175589873,0.376287059839931,0.108362764570196,0,0,1
0.619338601531526,0.140595778008562,0.240065620459911,0.515557449821057,0.375731733492671,0.108710816686272,0,0,1
0.618820113087059,0.140696589526602,0.240483297386338,0.515762796107236,0.3751781429829,0.109059060909863,0,0,1
0.618302362468649,0.140796948077177,0.240900689454174,0.515966221624491,0.374626282387371,0.109407495988138,0,0,1
0.61778534779969,0.140896855148259,0.241317797052051,0.516167733524511,0.374076145803,0.109756120672489,0,0,1
0.617269067209581,0.140996312222848,0.241734620567571,0.516367338934677,0.373527727346805,0.110104933718518,0,0,1
0.616753518833703,0.141095320778992,0.242151160387305,0.516565044958144,0.372981021155831,0.110453933886025,0,0,1
0.616238700813401,0.141193882289798,0.242567416896801,0.516760858673918,0.372436021387085,0.110803119938997,0,0,1
0.615724611295962,0.141291998223455,0.242983390480583,0.516954787136945,0.371892722217467,0.111152490645588,0,0,1
0.615211248434597,0.141389670043248,0.243399081522155,0.517146837378184,0.371351117843703,0.111502044778113,0,0,1
0.614698610388421,0.141486899207573,0.243814490404007,0.517337016404694,0.370811202482277,0.111851781113029,0,0,1
0.61418669532243,0.141583687169956,0.244229617507614,0.517525331199711,0.370272970369363,0.112201698430926,0,0,1
0.613675501407486,0.14168003537907,0.244644463213444,0.517711788722729,0.369736415760758,0.112551795516513,0,0,1
0.613165026820295,0.141775945278748,0.245059027900957,0.517896395909579,0.36920153293182,0.112902071158601,0,0,1
0.612655269743387,0.141871418308002,0.245473311948611,0.518079159672512,0.368668316177391,0.113252524150097,0,0,1
0.612146228365097,0.141966455901041,0.245887315733861,0.518260086900274,0.368136759811742,0.113603153287983,0,0,1
0.611637900879547,0.142061059487284,0.24630103963317,0.518439184458188,0.3676068581685,0.113953957373312,0,0,1
0.611130285486622,0.142155230491376,0.246714484022002,0.518616459188231,0.367078605600584,0.114304935211185,0,0,1
0.610623380391957,0.142248970333208,0.247127649274835,0.518791917909113,0.366551996480138,0.114656085610748,0,0,1
0.610117183806912,0.142342280427931,0.247540535765156,0.518965567416359,0.366027025198469,0.115007407385172,0,0,1
0.609611693948559,0.14243516218597,0.247953143865471,0.51913741448238,0.365503686165977,0.115358899351643,0,0,1
0.609106909039656,0.142527617013042,0.248365473947301,0.519307465856557,0.364981973812095,0.115710560331349,0,0,1
0.608602827308633,0.142619646310175,0.248777526381192,0.519475728265315,0.364461882585218,0.116062389149467,0,0,1
0.608099446989569,0.142711251473717,0.249189301536714,0.5196422084122,0.363943406952648,0.116414384635152,0,0,1
0.607596766322178,0.142802433895358,0.249600799782464,0.519806912977961,0.363426541400517,0.116766545621522,0,0,1
0.607094783551786,0.142893194962143,0.25001202148607,0.51996984862062,0.362911280433735,0.117118870945645,0,0,1
0.606593496929314,0.142983536056489,0.250422967014197,0.520131021975552,0.362397618575917,0.11747135944853,0,0,1
0.606092904711258,0.143073458556198,0.250833636732544,0.520290439655562,0.361885550369326,0.117824009975112,0,0,1
0.605593005159673,0.143162963834475,0.251244031005852,0.520448108250958,0.361375070374804,0.118176821374238,0,0,1
0.60509379654215,0.143252053259947,0.251654150197903,0.520604034329629,0.360866173171714,0.118529792498658,0,0,1
0.604595277131802,0.143340728196669,0.252063994671529,0.520758224437119,0.36035885335787,0.11888292220501,0,0,1
0.604097445207243,0.143428990004149,0.252473564788608,0.520910685096706,0.359853105549484,0.11923620935381,0,0,1
0.60360029905257,0.143516840037358,0.252882860910072,0.521061422809471,0.359348924381093,0.119589652809436,0,0,1
0.603103836957344,0.143604279646749,0.253291883395907,0.521210444054375,0.358846304505504,0.119943251440121,0,0,1
0.602608057216574,0.143691310178268,0.253700632605158,0.521357755288337,0.358345240593728,0.120297004117935,0,0,1
0.602112958130696,0.143777932973373,0.254109108895932,0.521503362946302,0.357845727334921,0.120650909718777,0,0,1
0.601618538005555,0.143864149369047,0.254517312625398,0.521647273441321,0.357347759436319,0.12100496712236,0,0,1
0.60112479515239,0.143949960697815,0.254925244149794,0.521789493164619,0.356851331623178,0.121359175212203,0,0,1
0.600631727887813,0.144035368287759,0.255332903824428,0.521930028485673,0.356356438638712,0.121713532875614,0,0,1
0.600139334533791,0.144120373462529,0.25574029200368,0.522068885752284,0.355863075244035,0.12206803900368,0,0,1
0.59964761341763,0.144204977541364,0.256147409041006,0.522206071290647,0.355371236218096,0.122422692491257,0,0,1
0.599156562871955,0.144289181839104,0.256554255288941,0.522341591405427,0.354880916357619,0.122777492236954,0,0,1
0.598666181234694,0.144372987666203,0.256960831099103,0.522475452379832,0.354392110477044,0.123132437143124,0,0,1
0.598176466849058,0.144456396328749,0.257367136822193,0.52260766047568,0.353904813408468,0.123487526115852,0,0,1
0.597687418063527,0.144539409128474,0.257773172807999,0.522738221933479,0.353419020001579,0.123842758064942,0,0,1
0.597199033231828,0.14462202736277,0.258178939405401,0.52286714297249,0.352934725123604,0.124198131903905,0,0,1
0.596711310712921,0.144704252324706,0.258584436962373,0.522994429790807,0.352451923659244,0.124553646549949,0,0,1
0.596224248870979,0.14478608530304,0.258989665825981,0.52312008856542,0.351970610510615,0.124909300923966,0,0,1
0.595737846075371,0.144867527582234,0.259394626342395,0.523244125452291,0.35149078059719,0.125265093950519,0,0,1
0.595252100700646,0.14494858044247,0.259799318856884,0.523366546586426,0.351012428855741,0.125621024557833,0,0,1
0.594767011126516,0.145029245159663,0.260203743713821,0.523487358081941,0.350535550240277,0.125977091677782,0,0,1
0.594282575737836,0.145109523005476,0.260607901256688,0.523606566032135,0.350060139721988,0.126333294245877,0,0,1
0.593798792924587,0.145189415247336,0.261011791828077,0.523724176509558,0.349586192289186,0.126689631201256,0,0,1
0.593315661081863,0.145268923148444,0.261415415769693,0.523840195566085,0.349113702947245,0.12704610148667,0,0,1
0.592833178609849,0.145348047967795,0.261818773422356,0.52395462923298,0.348642666718546,0.127402704048474,0,0,1
0.592351343913808,0.145426790960188,0.262221865126005,0.524067483520972,0.348173078642415,0.127759437836613,0,0,1
0.591870155404058,0.14550515337624,0.262624691219702,0.524178764420315,0.347704933775071,0.128116301804615,0,0,1
0.591389611495963,0.145583136462406,0.26302725204163,0.524288477900866,0.347238227189561,0.128473294909573,0,0,1
0.590909710609911,0.145660741460986,0.263429547929103,0.524396629912149,0.346772953975711,0.12883041611214,0,0,1
0.590430451171298,0.145737969610141,0.263831579218561,0.524503226383423,0.346309109240063,0.129187664376514,0,0,1
0.589951831610512,0.145814822143911,0.264233346245577,0.524608273223752,0.34584668810582,0.129545038670429,0,0,1
0.589473850362915,0.145891300292223,0.264634849344862,0.524711776322071,0.345385685712789,0.12990253796514,0,0,1
0.588996505868827,0.145967405280911,0.265036088850262,0.524813741547258,0.344926097217327,0.130260161235416,0,0,1
0.588519796573512,0.146043138331724,0.265437065094764,0.524914174748194,0.344467917792279,0.130617907459527,0,0,1
0.588043720927157,0.146118500662343,0.2658377784105,0.525013081753838,0.344011142626928,0.130975775619234,0,0,1
0.587568277384858,0.146193493486397,0.266238229128745,0.525110468373289,0.343555766926937,0.131333764699774,0,0,1
0.587093464406603,0.146268118013472,0.266638417579925,0.525206340395855,0.343101785914289,0.131691873689856,0,0,1
0.586619280457257,0.146342375449125,0.267038344093618,0.525300703591118,0.34264919482724,0.132050101581642,0,0,1
0.586145724006542,0.146416266994904,0.267438008998554,0.525393563709003,0.342197988920255,0.132408447370742,0,0,1
0.585672793529027,0.146489793848353,0.26783741262262,0.525484926479841,0.341748163463959,0.132766910056201,0,0,1
0.585200487504105,0.146562957203032,0.268236555292863,0.525574797614436,0.341299713745078,0.133125488640486,0,0,1
0.584728804415981,0.146635758248527,0.268635437335492,0.525663182804133,0.340852635066388,0.133484182129479,0,0,1
0.584257742753654,0.146708198170465,0.269034059075881,0.525750087720879,0.340406922746656,0.133842989532465,0,0,1
0.583787301010903,0.146780278150527,0.26943242083857,0.525835518017291,0.339962572120591,0.134201909862118,0,0,1
0.58331747768627,0.146851999366461,0.269830522947269,0.525919479326724,0.339519578538782,0.134560942134494,0,0,1
0.582848271283041,0.146923362992096,0.270228365724863,0.526001977263327,0.339077937367654,0.134920085369019,0,0,1
0.582379680309236,0.146994370197355,0.270625949493408,0.526083017422117,0.338637643989405,0.135279338588478,0,0,1
0.58191170327759,0.147065022148268,0.271023274574142,0.526162605379039,0.338198693801957,0.135638700819004,0,0,1
0.581444338705535,0.147135320006986,0.271420341287479,0.526240746691028,0.337761082218903,0.135998171090068,0,0,1
0.58097758511519,0.147205264931791,0.271817149953019,0.526317446896079,0.337324804669451,0.13635774843447,0,0,1
0.580511441033338,0.147274858077115,0.272213700889546,0.526392711513303,0.336889856598372,0.136717431888324,0,0,1
0.580045904991418,0.147344100593549,0.272609994415034,0.526466546042999,0.336456233465948,0.137077220491053,0,0,1
0.579580975525503,0.147412993627853,0.273006030846643,0.526538955966709,0.336023930747919,0.137437113285372,0,0,1
0.57911665117629,0.147481538322978,0.273401810500731,0.526609946747287,0.335592943935429,0.137797109317284,0,0,1
0.57865293048908,0.14754973581807,0.27379733369285,0.52667952382896,0.335163268534974,0.138157207636066,0,0,1
0.578189812013765,0.147617587248487,0.274192600737748,0.52674769263739,0.334734900068351,0.13851740729426,0,0,1
0.577727294304811,0.147685093745813,0.274587611949376,0.526814458579735,0.334307834072606,0.138877707347659,0,0,1
0.577265375921246,0.147752256437865,0.274982367640889,0.526879827044717,0.33388206609998,0.139238106855304,0,0,1
0.576804055426641,0.147819076448715,0.275376868124644,0.526943803402676,0.33345759171786,0.139598604879465,0,0,1
0.576343331389097,0.147885554898692,0.27577111371221,0.527006393005638,0.333034406508725,0.139959200485637,0,0,1
0.575883202381229,0.147951692904406,0.276165104714365,0.527067601187375,0.332612506070096,0.140319892742529,0,0,1
0.57542366698015,0.148017491578749,0.2765588414411,0.527127433263464,0.332191886014486,0.14068068072205,0,0,1
0.57496472376746,0.148082952030918,0.276952324201623,0.527185894531351,0.331772541969347,0.141041563499303,0,0,1
0.574506371329225,0.148148075366419,0.277345553304357,0.527242990270411,0.331354469577018,0.141402540152571,0,0,1
0.574048608255966,0.148212862687085,0.277738529056949,0.527298725742008,0.330937664494679,0.141763609763313,0,0,1
0.573591433142645,0.148277315091088,0.278131251766267,0.527353106189558,0.330522122394296,0.142124771416146,0,0,1
0.573134844588646,0.148341433672948,0.278523721738405,0.527406136838585,0.330107838962574,0.14248602419884,0,0,1
0.572678841197765,0.148405219523549,0.278915939278686,0.527457822896787,0.329694809900904,0.142847367202309,0,0,1
0.572223421578191,0.148468673730148,0.279307904691661,0.527508169554089,0.329283030925314,0.143208799520597,0,0,1
0.571768584342494,0.148531797376391,0.279699618281115,0.527557181982709,0.328872497766422,0.143570320250869,0,0,1
0.571314328107609,0.148594591542322,0.280091080350068,0.527604865337215,0.328463206169381,0.143931928493404,0,0,1
0.570860651494823,0.148657057304398,0.280482291200779,0.527651224754583,0.328055151893835,0.144293623351582,0,0,1
0.570407553129759,0.148719195735498,0.280873251134743,0.527696265354259,0.327648330713866,0.144655403931876,0,0,1
0.569955031642361,0.148781007904937,0.281263960452702,0.527739992238214,0.327242738417946,0.14501726934384,0,0,1
0.569503085666882,0.148842494878478,0.28165441945464,0.527782410491007,0.32683837080889,0.145379218700103,0,0,1
0.569051713841867,0.148903657718344,0.282044628439789,0.527823525179842,0.326435223703803,0.145741251116354,0,0,1
0.568600914810141,0.148964497483231,0.282434587706628,0.527863341354626,0.326033292934036,0.146103365711338,0,0,1
0.568150687218792,0.149025015228316,0.282824297552892,0.527901864048025,0.325632574345134,0.146465561606841,0,0,1
0.567701029719159,0.149085212005273,0.283213758275567,0.527939098275527,0.325233063796791,0.146827837927683,0,0,1
0.567251940966818,0.149145088862285,0.283602970170897,0.527975049035494,0.324834757162796,0.14719019380171,0,0,1
0.566803419621564,0.149204646844052,0.283991933534384,0.528009721309226,0.324437650330995,0.14755262835978,0,0,1
0.566355464347402,0.149263886991807,0.284380648660791,0.528043120061011,0.324041739203232,0.147915140735757,0,0,1
0.565908073812531,0.149322810343323,0.284769115844146,0.52807525023819,0.32364701969531,0.1482777300665,0,0,1
0.565461246689329,0.149381417932931,0.28515733537774,0.528106116771206,0.323253487736939,0.148640395491856,0,0,1
0.56501498165434,0.149439710791525,0.285545307554135,0.528135724573667,0.32286113927169,0.149003136154644,0,0,1
0.564569277388258,0.14949768994658,0.285933032665161,0.5281640785424,0.322469970256948,0.149365951200652,0,0,1
0.564124132575918,0.149555356422158,0.286320511001923,0.528191183557508,0.322079976663865,0.149728839778627,0,0,1
0.563679545906278,0.149612711238923,0.2867077428548,0.528217044482426,0.321691154477313,0.150091801040261,0,0,1
0.563235516072404,0.14966975541415,0.287094728513446,0.528241666163975,0.321303499695837,0.150454834140187,0,0,1
0.562792041771462,0.149726489961739,0.287481468266798,0.528265053432424,0.32091700833161,0.150817938235966,0,0,1
0.562349121704699,0.149782915892227,0.287867962403073,0.528287211101538,0.320531676410384,0.151181112488078,0,0,1
0.561906754577433,0.149839034212794,0.288254211209773,0.528308143968638,0.320147499971447,0.151544356059915,0,0,1
0.561464939099036,0.149894845927281,0.288640214973683,0.528327856814655,0.319764475067574,0.151907668117771,0,0,1
0.561023673982922,0.149950352036197,0.289025973980881,0.528346354404186,0.319382597764983,0.152271047830831,0,0,1
0.560582957946536,0.150005553536731,0.289411488516733,0.528363641485548,0.319001864143289,0.152634494371162,0,0,1
0.560142789711335,0.150060451422765,0.2897967588659,0.528379722790833,0.31862227029546,0.152998006913707,0,0,1
0.559703168002781,0.150115046684885,0.290181785312334,0.528394603035962,0.318243812327766,0.153361584636272,0,0,1
